Sub-Category,Sales,Region,Order ID,Ship Mode,Customer ID,Customer Name,Segment,Country/Region,City,State,Product ID,Category,Product Name
Binders,1.0800000000000003,West,CA-2017-106978,Standard Class,ZC-21910,Zuschuss Carroll,Consumer,United States,Aurora,Colorado,OFF-BI-10002012,Office Supplies,Wilson Jones Easy Flow II Sheet Lifters
Binders,1.0800000000000003,West,US-2019-100209,Standard Class,TD-20995,Tamara Dahlen,Consumer,United States,Portland,Oregon,OFF-BI-10002012,Office Supplies,Wilson Jones Easy Flow II Sheet Lifters
Binders,1.1880000000000002,West,US-2019-162068,Second Class,PC-18745,Pamela Coakley,Corporate,United States,Loveland,Colorado,OFF-BI-10002813,Office Supplies,Avery Reinforcements for Hole-Punch Pages
Binders,1.344,West,CA-2016-143168,Second Class,IG-15085,Ivan Gibson,Consumer,United States,Seattle,Washington,OFF-BI-10003784,Office Supplies,Computer Printout Index Tabs
Binders,1.4400000000000002,West,CA-2019-129378,First Class,NS-18505,Neola Schneider,Consumer,United States,San Jose,California,OFF-BI-10002012,Office Supplies,Wilson Jones Easy Flow II Sheet Lifters
Binders,1.8720000000000003,West,CA-2018-114727,Standard Class,LS-16945,Linda Southworth,Corporate,United States,Denver,Colorado,OFF-BI-10004967,Office Supplies,Round Ring Binders
Binders,1.9380000000000002,West,CA-2017-149636,Standard Class,SP-20620,Stefania Perrino,Corporate,United States,Colorado Springs,Colorado,OFF-BI-10002764,Office Supplies,Recycled Pressboard Report Cover with Reinforced Top Hinge
Binders,2.0250000000000004,West,US-2017-160150,First Class,TS-21085,Thais Sissman,Consumer,United States,Phoenix,Arizona,OFF-BI-10004352,Office Supplies,Wilson Jones DublLock D-Ring Binders
Binders,2.3760000000000003,West,US-2018-105578,Standard Class,MY-17380,Maribeth Yedwab,Corporate,United States,Parker,Colorado,OFF-BI-10000831,Office Supplies,Storex Flexible Poly Binders with Double Pockets
Binders,2.3880000000000003,West,US-2019-107272,Standard Class,TS-21610,Troy Staebel,Consumer,United States,Phoenix,Arizona,OFF-BI-10003274,Office Supplies,"Avery Durable Slant Ring Binders, No Labels"
Binders,2.4960000000000004,West,US-2018-158680,First Class,NZ-18565,Nick Zandusky,Home Office,United States,Seattle,Washington,OFF-BI-10000145,Office Supplies,Zipper Ring Binder Pockets
Binders,2.688,West,US-2019-116652,Standard Class,RD-19480,Rick Duston,Consumer,United States,San Francisco,California,OFF-BI-10004528,Office Supplies,Cardinal Poly Pocket Divider Pockets for Ring Binders
Binders,2.9920000000000004,West,CA-2016-155264,Second Class,RP-19270,Rachel Payne,Corporate,United States,San Francisco,California,OFF-BI-10003196,Office Supplies,Accohide Poly Flexible Ring Binders
Binders,3.108,West,CA-2018-149279,Standard Class,CL-12700,Craig Leslie,Home Office,United States,Colorado Springs,Colorado,OFF-BI-10004040,Office Supplies,Wilson Jones Impact Binders
Binders,3.168,West,CA-2017-153416,Standard Class,TS-21340,Toby Swindell,Consumer,United States,Los Angeles,California,OFF-BI-10002813,Office Supplies,Avery Reinforcements for Hole-Punch Pages
Binders,3.1680000000000006,West,CA-2019-130141,Second Class,HA-14905,Helen Abelman,Consumer,United States,Fort Collins,Colorado,OFF-BI-10000831,Office Supplies,Storex Flexible Poly Binders with Double Pockets
Binders,3.3040000000000003,West,CA-2017-163895,Standard Class,NS-18640,Noel Staavos,Corporate,United States,Boise,Idaho,OFF-BI-10004970,Office Supplies,"ACCOHIDE 3-Ring Binder, Blue, 1"""
Binders,3.366000000000001,West,CA-2017-149384,Same Day,EH-13945,Eric Hoffmann,Consumer,United States,Tempe,Arizona,OFF-BI-10003196,Office Supplies,Accohide Poly Flexible Ring Binders
Binders,3.5920000000000005,West,CA-2017-142692,Standard Class,AG-10495,Andrew Gjertsen,Corporate,United States,Seattle,Washington,OFF-BI-10004140,Office Supplies,Avery Non-Stick Binders
Binders,3.8560000000000003,West,CA-2019-162880,Standard Class,GD-14590,Giulietta Dortch,Corporate,United States,Everett,Washington,OFF-BI-10003314,Office Supplies,Tuff Stuff Recycled Round Ring Binders
Binders,3.912,West,CA-2019-145772,Standard Class,SS-20140,Saphhira Shifley,Corporate,United States,Los Angeles,California,OFF-BI-10002049,Office Supplies,UniKeep View Case Binders
Binders,3.9840000000000004,West,CA-2018-138933,First Class,JL-15130,Jack Lebron,Consumer,United States,Riverside,California,OFF-BI-10003355,Office Supplies,Cardinal Holdit Business Card Pockets
Binders,4.158,West,CA-2018-159023,First Class,NW-18400,Natalie Webber,Consumer,United States,Portland,Oregon,OFF-BI-10002813,Office Supplies,Avery Reinforcements for Hole-Punch Pages
Binders,4.158,West,CA-2019-158120,Standard Class,KH-16330,Katharine Harms,Corporate,United States,Hillsboro,Oregon,OFF-BI-10002813,Office Supplies,Avery Reinforcements for Hole-Punch Pages
Binders,4.176,West,CA-2018-119018,Standard Class,CW-11905,Carl Weiss,Home Office,United States,Los Angeles,California,OFF-BI-10000494,Office Supplies,Acco Economy Flexible Poly Round Ring Binder
Binders,4.304,West,CA-2017-144099,Same Day,PO-19195,Phillina Ober,Home Office,United States,San Francisco,California,OFF-BI-10001078,Office Supplies,"Acco PRESSTEX Data Binder with Storage Hooks, Dark Blue, 14 7/8"" X 11"""
Binders,4.32,West,CA-2016-141110,Standard Class,LS-17200,Luke Schmidt,Corporate,United States,Fresno,California,OFF-BI-10002012,Office Supplies,Wilson Jones Easy Flow II Sheet Lifters
Binders,4.368,West,CA-2018-134348,Standard Class,MS-17710,Maurice Satty,Consumer,United States,Mesa,Arizona,OFF-BI-10004967,Office Supplies,Round Ring Binders
Binders,4.401,West,CA-2017-105312,First Class,MT-17815,Meg Tillman,Consumer,United States,Scottsdale,Arizona,OFF-BI-10002049,Office Supplies,UniKeep View Case Binders
Binders,4.4479999999999995,West,CA-2019-121048,Standard Class,TC-21295,Toby Carlisle,Consumer,United States,Westminster,California,OFF-BI-10004022,Office Supplies,Acco Suede Grain Vinyl Round Ring Binder
Binders,4.536000000000001,West,CA-2017-122287,Standard Class,SN-20560,Skye Norling,Home Office,United States,Peoria,Arizona,OFF-BI-10004656,Office Supplies,Peel & Stick Add-On Corner Pockets
Binders,4.544,West,CA-2018-138968,First Class,FC-14335,Fred Chung,Corporate,United States,San Francisco,California,OFF-BI-10003529,Office Supplies,Avery Round Ring Poly Binders
Binders,4.752000000000001,West,CA-2017-137946,Second Class,DB-13615,Doug Bickford,Consumer,United States,Los Angeles,California,OFF-BI-10001922,Office Supplies,Storex Dura Pro Binders
Binders,4.752000000000001,West,CA-2019-102414,Second Class,JA-15970,Joseph Airdo,Consumer,United States,Phoenix,Arizona,OFF-BI-10004465,Office Supplies,Avery Durable Slant Ring Binders
Binders,4.784000000000001,West,CA-2018-103163,Standard Class,FM-14290,Frank Merwin,Home Office,United States,Bakersfield,California,OFF-BI-10003305,Office Supplies,Avery Hanging File Binders
Binders,4.896000000000001,West,US-2017-165743,Second Class,MM-18055,Michelle Moray,Consumer,United States,Aurora,Colorado,OFF-BI-10001982,Office Supplies,Wilson Jones Custom Binder Spines & Labels
Binders,4.938000000000001,West,CA-2019-161893,Standard Class,HP-14815,Harold Pawlan,Home Office,United States,Tucson,Arizona,OFF-BI-10004506,Office Supplies,Wilson Jones data.warehouse D-Ring Binders with DublLock
Binders,5.022,West,CA-2018-140417,Standard Class,KE-16420,Katrina Edelman,Corporate,United States,Tigard,Oregon,OFF-BI-10004828,Office Supplies,GBC Poly Designer Binding Covers
Binders,5.104,West,CA-2017-113040,Standard Class,CC-12100,Chad Cunningham,Home Office,United States,Los Angeles,California,OFF-BI-10001249,Office Supplies,Avery Heavy-Duty EZD View Binder with Locking Rings
Binders,5.184000000000001,West,CA-2018-158694,Second Class,AI-10855,Arianne Irving,Consumer,United States,Los Angeles,California,OFF-BI-10004656,Office Supplies,Peel & Stick Add-On Corner Pockets
Binders,5.214,West,CA-2016-124079,Standard Class,RF-19345,Randy Ferguson,Corporate,United States,Phoenix,Arizona,OFF-BI-10002103,Office Supplies,"Cardinal Slant-D Ring Binder, Heavy Gauge Vinyl"
Binders,5.214,West,CA-2018-134936,Standard Class,ES-14080,Erin Smith,Corporate,United States,Tucson,Arizona,OFF-BI-10002103,Office Supplies,"Cardinal Slant-D Ring Binder, Heavy Gauge Vinyl"
Binders,5.682000000000001,West,US-2019-109484,Standard Class,RB-19705,Roger Barcio,Home Office,United States,Portland,Oregon,OFF-BI-10004738,Office Supplies,Flexible Leather- Look Classic Collection Ring Binder
Binders,5.728000000000001,West,US-2018-102239,First Class,LW-16990,Lindsay Williams,Corporate,United States,Henderson,Nevada,OFF-BI-10001890,Office Supplies,Avery Poly Binder Pockets
Binders,5.84,West,US-2018-115819,Second Class,JO-15280,Jas O'Carroll,Consumer,United States,Los Angeles,California,OFF-BI-10000050,Office Supplies,"Angle-D Binders with Locking Rings, Label Holders"
Binders,5.872,West,CA-2018-165330,Same Day,WB-21850,William Brown,Consumer,United States,Anaheim,California,OFF-BI-10002897,Office Supplies,"Black Avery Memo-Size 3-Ring Binder, 5 1/2"" x 8 1/2"""
Binders,5.984000000000001,West,CA-2019-137463,Second Class,KM-16225,Kalyca Meade,Corporate,United States,Sunnyvale,California,OFF-BI-10003196,Office Supplies,Accohide Poly Flexible Ring Binders
Binders,6.096,West,CA-2016-168158,Standard Class,EM-14140,Eugene Moren,Home Office,United States,Great Falls,Montana,OFF-BI-10001759,Office Supplies,"Acco Pressboard Covers with Storage Hooks, 14 7/8"" x 11"", Dark Blue"
Binders,6.096,West,CA-2017-138002,Standard Class,BT-11305,Beth Thompson,Home Office,United States,Seattle,Washington,OFF-BI-10002160,Office Supplies,Acco Hanging Data Binders
Binders,6.096,West,CA-2018-142958,Standard Class,RW-19630,Rob Williams,Corporate,United States,Torrance,California,OFF-BI-10001759,Office Supplies,"Acco Pressboard Covers with Storage Hooks, 14 7/8"" x 11"", Dark Blue"
Binders,6.27,West,CA-2018-134348,Standard Class,MS-17710,Maurice Satty,Consumer,United States,Mesa,Arizona,OFF-BI-10003727,Office Supplies,Avery Durable Slant Ring Binders With Label Holder
Binders,6.368,West,CA-2017-147501,Standard Class,Co-12640,Corey-Lock,Consumer,United States,Seattle,Washington,OFF-BI-10002003,Office Supplies,Ibico Presentation Index for Binding Systems
Binders,6.368,West,US-2017-146745,Standard Class,AS-10630,Ann Steele,Home Office,United States,San Francisco,California,OFF-BI-10003274,Office Supplies,"Avery Durable Slant Ring Binders, No Labels"
Binders,6.384,West,US-2018-111528,Same Day,JP-16135,Julie Prescott,Home Office,United States,Los Angeles,California,OFF-BI-10002194,Office Supplies,Cardinal Hold-It CD Pocket
Binders,6.456,West,CA-2016-129364,Standard Class,TB-21250,Tim Brockman,Consumer,United States,Salem,Oregon,OFF-BI-10001132,Office Supplies,"Acco PRESSTEX Data Binder with Storage Hooks, Dark Blue, 9 1/2"" X 11"""
Binders,6.6080000000000005,West,CA-2017-168564,Same Day,TT-21220,Thomas Thornton,Consumer,United States,San Francisco,California,OFF-BI-10004970,Office Supplies,"ACCOHIDE 3-Ring Binder, Blue, 1"""
Binders,6.671999999999999,West,CA-2019-107321,Standard Class,AW-10930,Arthur Wiediger,Home Office,United States,San Francisco,California,OFF-BI-10004022,Office Supplies,Acco Suede Grain Vinyl Round Ring Binder
Binders,6.720000000000001,West,CA-2018-160500,First Class,DM-13015,Darrin Martin,Consumer,United States,Encinitas,California,OFF-BI-10003784,Office Supplies,Computer Printout Index Tabs
Binders,6.783,West,CA-2019-145233,Standard Class,DV-13465,Dianna Vittorini,Consumer,United States,Denver,Colorado,OFF-BI-10002764,Office Supplies,Recycled Pressboard Report Cover with Reinforced Top Hinge
Binders,6.88,West,CA-2019-132521,Second Class,DW-13540,Don Weiss,Consumer,United States,Seattle,Washington,OFF-BI-10000404,Office Supplies,Avery Printable Repositionable Plastic Tabs
Binders,7.184000000000001,West,CA-2016-101931,First Class,TS-21370,Todd Sumrall,Corporate,United States,Los Angeles,California,OFF-BI-10004140,Office Supplies,Avery Non-Stick Binders
Binders,7.184000000000001,West,CA-2019-128370,Same Day,FH-14275,Frank Hawley,Corporate,United States,Los Angeles,California,OFF-BI-10004140,Office Supplies,Avery Non-Stick Binders
Binders,7.184000000000001,West,US-2016-128685,First Class,MZ-17515,Mary Zewe,Corporate,United States,Los Angeles,California,OFF-BI-10004140,Office Supplies,Avery Non-Stick Binders
Binders,7.28,West,CA-2017-168564,Same Day,TT-21220,Thomas Thornton,Consumer,United States,San Francisco,California,OFF-BI-10002557,Office Supplies,Presstex Flexible Ring Binders
Binders,7.312000000000001,West,CA-2016-141110,Standard Class,LS-17200,Luke Schmidt,Corporate,United States,Fresno,California,OFF-BI-10001553,Office Supplies,SpineVue Locking Slant-D Ring Binders by Cardinal
Binders,7.312000000000001,West,CA-2018-126732,Standard Class,LR-16915,Lena Radford,Consumer,United States,Los Angeles,California,OFF-BI-10001553,Office Supplies,SpineVue Locking Slant-D Ring Binders by Cardinal
Binders,7.312000000000001,West,CA-2018-129693,Standard Class,TC-20980,Tamara Chand,Corporate,United States,Seattle,Washington,OFF-BI-10002954,Office Supplies,Newell 3-Hole Punched Plastic Slotted Magazine Holders for Binders
Binders,7.52,West,CA-2017-142041,Second Class,EM-13810,Eleni McCrary,Corporate,United States,Los Angeles,California,OFF-BI-10004187,Office Supplies,3-ring staple pack
Binders,7.656000000000001,West,US-2019-142573,Standard Class,ML-17410,Maris LaWare,Consumer,United States,Phoenix,Arizona,OFF-BI-10003350,Office Supplies,Acco Expandable Hanging Binders
Binders,7.712000000000001,West,CA-2016-129924,Standard Class,AC-10420,Alyssa Crouse,Corporate,United States,San Francisco,California,OFF-BI-10003314,Office Supplies,Tuff Stuff Recycled Round Ring Binders
Binders,7.712000000000001,West,CA-2018-119018,Standard Class,CW-11905,Carl Weiss,Home Office,United States,Los Angeles,California,OFF-BI-10003314,Office Supplies,Tuff Stuff Recycled Round Ring Binders
Binders,7.752000000000001,West,CA-2018-161095,Same Day,CS-12250,Chris Selesnick,Corporate,United States,Los Angeles,California,OFF-BI-10002764,Office Supplies,Recycled Pressboard Report Cover with Reinforced Top Hinge
Binders,7.857000000000002,West,CA-2019-163692,First Class,Dp-13240,Dean percer,Home Office,United States,Phoenix,Arizona,OFF-BI-10003291,Office Supplies,Wilson Jones Leather-Like Binders with DublLock Round Rings
Binders,8.096,West,CA-2017-146696,Standard Class,RD-19480,Rick Duston,Consumer,United States,San Diego,California,OFF-BI-10002432,Office Supplies,Wilson Jones Standard D-Ring Binders
Binders,8.160000000000002,West,US-2016-119137,Standard Class,AG-10900,Arthur Gainer,Consumer,United States,Tucson,Arizona,OFF-BI-10001982,Office Supplies,Wilson Jones Custom Binder Spines & Labels
Binders,8.226,West,CA-2016-133389,Same Day,TB-21280,Toby Braunhardt,Consumer,United States,Phoenix,Arizona,OFF-BI-10001553,Office Supplies,SpineVue Locking Slant-D Ring Binders by Cardinal
Binders,8.288,West,CA-2016-106719,Same Day,RB-19645,Robert Barroso,Corporate,United States,Billings,Montana,OFF-BI-10002799,Office Supplies,"SlimView Poly Binder, 3/8"""
Binders,8.288,West,US-2019-166688,Standard Class,RD-19480,Rick Duston,Consumer,United States,Las Vegas,Nevada,OFF-BI-10004040,Office Supplies,Wilson Jones Impact Binders
Binders,8.32,West,CA-2018-124527,First Class,IM-15055,Ionia McGrath,Consumer,United States,Roseville,California,OFF-BI-10004967,Office Supplies,Round Ring Binders
Binders,8.32,West,CA-2018-151498,First Class,DN-13690,Duane Noonan,Consumer,United States,Seattle,Washington,OFF-BI-10004967,Office Supplies,Round Ring Binders
Binders,8.448,West,US-2019-132444,First Class,CD-12280,Christina DeMoss,Consumer,United States,Seattle,Washington,OFF-BI-10001116,Office Supplies,"Wilson Jones 1"" Hanging DublLock Ring Binders"
Binders,8.544,West,CA-2019-108539,Second Class,SC-20725,Steven Cartwright,Consumer,United States,Los Angeles,California,OFF-BI-10001031,Office Supplies,Pressboard Data Binders by Wilson Jones
Binders,8.559000000000001,West,US-2019-117331,Standard Class,ND-18370,Natalie DeCherney,Consumer,United States,Glendale,Arizona,OFF-BI-10003984,Office Supplies,Lock-Up Easel 'Spel-Binder'
Binders,8.608,West,CA-2016-140032,Standard Class,TS-21340,Toby Swindell,Consumer,United States,San Francisco,California,OFF-BI-10000822,Office Supplies,"Acco PRESSTEX Data Binder with Storage Hooks, Light Blue, 9 1/2"" X 11"""
Binders,8.704,West,CA-2016-141726,First Class,CC-12145,Charles Crestani,Consumer,United States,San Diego,California,OFF-BI-10001982,Office Supplies,Wilson Jones Custom Binder Spines & Labels
Binders,8.736000000000002,West,CA-2018-112109,Standard Class,JE-15715,Joe Elijah,Consumer,United States,Broomfield,Colorado,OFF-BI-10001634,Office Supplies,Wilson Jones Active Use Binders
Binders,8.928,West,CA-2018-168557,Standard Class,FH-14275,Frank Hawley,Corporate,United States,San Francisco,California,OFF-BI-10002309,Office Supplies,Avery Heavy-Duty EZD  Binder With Locking Rings
Binders,8.964000000000002,West,CA-2019-134845,Standard Class,SR-20425,Sharelle Roach,Home Office,United States,Louisville,Colorado,OFF-BI-10003355,Office Supplies,Cardinal Holdit Business Card Pockets
Binders,9.024000000000001,West,CA-2019-109701,Same Day,AM-10360,Alice McCarthy,Corporate,United States,Los Angeles,California,OFF-BI-10004187,Office Supplies,3-ring staple pack
Binders,9.144,West,CA-2017-148180,Standard Class,BP-11095,Bart Pistole,Corporate,United States,Oxnard,California,OFF-BI-10000605,Office Supplies,"Acco Pressboard Covers with Storage Hooks, 9 1/2"" x 11"", Executive Red"
Binders,9.156,West,CA-2017-122287,Standard Class,SN-20560,Skye Norling,Home Office,United States,Peoria,Arizona,OFF-BI-10003707,Office Supplies,Aluminum Screw Posts
Binders,9.296,West,CA-2018-109365,Standard Class,XP-21865,Xylona Preis,Consumer,United States,Los Angeles,California,OFF-BI-10002071,Office Supplies,Fellowes Black Plastic Comb Bindings
Binders,9.296,West,CA-2019-156958,First Class,PB-18805,Patrick Bzostek,Home Office,United States,Seattle,Washington,OFF-BI-10002071,Office Supplies,Fellowes Black Plastic Comb Bindings
Binders,9.336,West,US-2018-115819,Second Class,JO-15280,Jas O'Carroll,Consumer,United States,Los Angeles,California,OFF-BI-10000591,Office Supplies,Avery Binder Labels
Binders,9.345000000000002,West,CA-2016-161249,Standard Class,RD-19720,Roger Demir,Consumer,United States,Phoenix,Arizona,OFF-BI-10001097,Office Supplies,Avery Hole Reinforcements
Binders,9.552000000000001,West,CA-2019-105991,First Class,LH-17020,Lisa Hazard,Consumer,United States,Louisville,Colorado,OFF-BI-10003274,Office Supplies,"Avery Durable Slant Ring Binders, No Labels"
Binders,9.584000000000001,West,CA-2018-126935,Standard Class,BT-11395,Bill Tyler,Corporate,United States,San Francisco,California,OFF-BI-10004817,Office Supplies,GBC Personal VeloBind Strips
Binders,9.584000000000001,West,US-2016-121734,Standard Class,SE-20110,Sanjit Engle,Consumer,United States,Lewiston,Idaho,OFF-BI-10004817,Office Supplies,GBC Personal VeloBind Strips
Binders,9.612,West,US-2017-165743,Second Class,MM-18055,Michelle Moray,Consumer,United States,Aurora,Colorado,OFF-BI-10001758,Office Supplies,Wilson Jones 14 Line Acrylic Coated Pressboard Data Binders
Binders,9.702000000000002,West,CA-2018-106306,Same Day,PG-18820,Patrick Gardner,Consumer,United States,Glendale,Arizona,OFF-BI-10003676,Office Supplies,"GBC Standard Recycled Report Covers, Clear Plastic Sheets"
Binders,9.728000000000002,West,US-2017-164448,Second Class,DK-12835,Damala Kotsonis,Corporate,United States,Salinas,California,OFF-BI-10002949,Office Supplies,Prestige Round Ring Binders
Binders,9.762,West,CA-2017-101924,Standard Class,KB-16585,Ken Black,Corporate,United States,Medford,Oregon,OFF-BI-10000962,Office Supplies,"Acco Flexible ACCOHIDE Square Ring Data Binder, Dark Blue, 11 1/2"" X 14"" 7/8"""
Binders,9.872,West,CA-2017-104948,Standard Class,KH-16510,Keith Herrera,Consumer,United States,San Bernardino,California,OFF-BI-10001267,Office Supplies,"Universal Recycled Hanging Pressboard Report Binders, Letter Size"
Binders,9.984000000000002,West,CA-2019-130841,Standard Class,MH-17620,Matt Hagelstein,Corporate,United States,San Francisco,California,OFF-BI-10000145,Office Supplies,Zipper Ring Binder Pockets
Binders,10.048000000000002,West,CA-2016-111962,Standard Class,EB-14170,Evan Bailliet,Consumer,United States,Seattle,Washington,OFF-BI-10001308,Office Supplies,GBC Standard Plastic Binding Systems' Combs
Binders,10.080000000000002,West,CA-2019-166856,Standard Class,TS-21505,Tony Sayre,Consumer,United States,Clovis,New Mexico,OFF-BI-10002012,Office Supplies,Wilson Jones Easy Flow II Sheet Lifters
Binders,10.128,West,CA-2019-118542,Standard Class,CC-12550,Clay Cheatham,Consumer,United States,Los Angeles,California,OFF-BI-10003429,Office Supplies,"Cardinal HOLDit! Binder Insert Strips,Extra Strips"
Binders,10.440000000000001,West,CA-2018-134936,Standard Class,ES-14080,Erin Smith,Corporate,United States,Tucson,Arizona,OFF-BI-10000174,Office Supplies,"Wilson Jones Clip & Carry Folder Binder Tool for Ring Binders, Clear"
Binders,10.776000000000002,West,CA-2018-150658,Standard Class,MS-17365,Maribeth Schnelling,Consumer,United States,Carlsbad,New Mexico,OFF-BI-10004140,Office Supplies,Avery Non-Stick Binders
Binders,10.776000000000002,West,CA-2019-112515,Second Class,AS-10225,Alan Schoenberger,Corporate,United States,Provo,Utah,OFF-BI-10000829,Office Supplies,Avery Non-Stick Binders
Binders,10.896,West,CA-2019-108539,Second Class,SC-20725,Steven Cartwright,Consumer,United States,Los Angeles,California,OFF-BI-10003981,Office Supplies,"Avery Durable Plastic 1"" Binders"
Binders,10.92,West,CA-2017-155334,First Class,HA-14920,Helen Andreada,Consumer,United States,San Francisco,California,OFF-BI-10002557,Office Supplies,Presstex Flexible Ring Binders
Binders,11.088000000000003,West,US-2016-160780,Same Day,SV-20785,Stewart Visinsky,Consumer,United States,Pueblo,Colorado,OFF-BI-10001116,Office Supplies,"Wilson Jones 1"" Hanging DublLock Ring Binders"
Binders,11.232,West,US-2018-119046,Standard Class,EH-13765,Edward Hooks,Corporate,United States,Seattle,Washington,OFF-BI-10000138,Office Supplies,Acco Translucent Poly Ring Binders
Binders,11.232,West,US-2018-163258,Standard Class,PF-19225,Phillip Flathmann,Consumer,United States,Los Angeles,California,OFF-BI-10000138,Office Supplies,Acco Translucent Poly Ring Binders
Binders,11.264000000000001,West,CA-2016-131310,Standard Class,CL-12565,Clay Ludtke,Consumer,United States,Seattle,Washington,OFF-BI-10003094,Office Supplies,Self-Adhesive Ring Binder Labels
Binders,11.416,West,CA-2018-131639,Standard Class,NS-18640,Noel Staavos,Corporate,United States,Carlsbad,New Mexico,OFF-BI-10000948,Office Supplies,"GBC Laser Imprintable Binding System Covers, Desert Sand"
Binders,11.52,West,CA-2017-116092,Second Class,JM-16195,Justin MacKendrick,Consumer,United States,Los Angeles,California,OFF-BI-10000546,Office Supplies,Avery Durable Binders
Binders,11.648000000000001,West,CA-2018-121755,Second Class,EH-13945,Eric Hoffmann,Consumer,United States,Los Angeles,California,OFF-BI-10001634,Office Supplies,Wilson Jones Active Use Binders
Binders,11.68,West,CA-2018-151372,First Class,JH-15985,Joseph Holt,Consumer,United States,Redondo Beach,California,OFF-BI-10000050,Office Supplies,"Angle-D Binders with Locking Rings, Label Holders"
Binders,11.744,West,US-2018-131912,Second Class,LH-17155,Logan Haushalter,Consumer,United States,Los Angeles,California,OFF-BI-10004236,Office Supplies,"XtraLife ClearVue Slant-D Ring Binder, White, 3"""
Binders,11.784,West,CA-2018-111913,Second Class,LC-16930,Linda Cazamias,Corporate,United States,Sacramento,California,OFF-BI-10000343,Office Supplies,"Pressboard Covers with Storage Hooks, 9 1/2"" x 11"", Light Blue"
Binders,11.784,West,CA-2019-112515,Second Class,AS-10225,Alan Schoenberger,Corporate,United States,Provo,Utah,OFF-BI-10003712,Office Supplies,"Acco Pressboard Covers with Storage Hooks, 14 7/8"" x 11"", Light Blue"
Binders,11.808,West,CA-2017-129917,First Class,HM-14980,Henry MacAllister,Consumer,United States,Los Angeles,California,OFF-BI-10001757,Office Supplies,Pressboard Hanging Data Binders for Unburst Sheets
Binders,11.808,West,CA-2019-106964,First Class,HR-14770,Hallie Redmond,Home Office,United States,Los Angeles,California,OFF-BI-10000320,Office Supplies,GBC Plastic Binding Combs
Binders,11.808,West,CA-2019-137582,Standard Class,CV-12805,Cynthia Voltz,Corporate,United States,Oakland,California,OFF-BI-10001757,Office Supplies,Pressboard Hanging Data Binders for Unburst Sheets
Binders,11.952000000000002,West,CA-2017-168207,Standard Class,LT-17110,Liz Thompson,Consumer,United States,San Diego,California,OFF-BI-10003355,Office Supplies,Cardinal Holdit Business Card Pockets
Binders,11.952000000000002,West,CA-2019-156776,Standard Class,JL-15505,Jeremy Lonsdale,Consumer,United States,Westminster,California,OFF-BI-10003355,Office Supplies,Cardinal Holdit Business Card Pockets
Binders,11.952000000000002,West,US-2018-114888,Second Class,CC-12430,Chuck Clark,Home Office,United States,San Francisco,California,OFF-BI-10003355,Office Supplies,Cardinal Holdit Business Card Pockets
Binders,11.976000000000003,West,US-2018-157490,First Class,LB-16795,Laurel Beltran,Home Office,United States,Pueblo,Colorado,OFF-BI-10002571,Office Supplies,"Avery Framed View Binder, EZD Ring (Locking), Navy, 1 1/2"""
Binders,12.030000000000001,West,CA-2019-134845,Standard Class,SR-20425,Sharelle Roach,Home Office,United States,Louisville,Colorado,OFF-BI-10000773,Office Supplies,Insertable Tab Post Binder Dividers
Binders,12.096000000000002,West,CA-2016-127131,Standard Class,HR-14830,Harold Ryan,Corporate,United States,Seattle,Washington,OFF-BI-10004656,Office Supplies,Peel & Stick Add-On Corner Pockets
Binders,12.144,West,CA-2017-132633,Second Class,KH-16630,Ken Heidel,Corporate,United States,Pleasant Grove,Utah,OFF-BI-10002432,Office Supplies,Wilson Jones Standard D-Ring Binders
Binders,12.176000000000002,West,CA-2017-104486,Standard Class,PO-18850,Patrick O'Brill,Consumer,United States,San Francisco,California,OFF-BI-10000309,Office Supplies,"GBC Twin Loop Wire Binding Elements, 9/16"" Spine, Black"
Binders,12.544,West,CA-2018-156265,Second Class,BF-11020,Barry Französisch,Corporate,United States,Los Angeles,California,OFF-BI-10000285,Office Supplies,XtraLife ClearVue Slant-D Ring Binders by Cardinal
Binders,12.672,West,US-2018-126452,Standard Class,SC-20230,Scot Coram,Corporate,United States,Los Angeles,California,OFF-BI-10004465,Office Supplies,Avery Durable Slant Ring Binders
Binders,12.816,West,US-2018-139087,Second Class,DK-13375,Dennis Kane,Consumer,United States,Seattle,Washington,OFF-BI-10000042,Office Supplies,"Pressboard Data Binder, Crimson, 12"" X 8 1/2"""
Binders,12.832,West,CA-2017-168767,Standard Class,DM-12955,Dario Medina,Corporate,United States,Sacramento,California,OFF-BI-10000773,Office Supplies,Insertable Tab Post Binder Dividers
Binders,13.005000000000003,West,CA-2019-139402,Standard Class,NC-18535,Nick Crebassa,Corporate,United States,Phoenix,Arizona,OFF-BI-10000279,Office Supplies,"Acco Recycled 2"" Capacity Laser Printer Hanging Data Binders"
Binders,13.184000000000001,West,CA-2016-126361,Second Class,VD-21670,Valerie Dominguez,Consumer,United States,Pleasant Grove,Utah,OFF-BI-10002852,Office Supplies,Ibico Standard Transparent Covers
Binders,13.208000000000002,West,CA-2018-142398,Standard Class,BP-11290,Beth Paige,Consumer,United States,Los Angeles,California,OFF-BI-10004826,Office Supplies,JM Magazine Binder
Binders,13.216000000000001,West,CA-2018-159009,Standard Class,DP-13105,Dave Poirier,Corporate,United States,Seattle,Washington,OFF-BI-10004970,Office Supplies,"ACCOHIDE 3-Ring Binder, Blue, 1"""
Binders,13.216000000000001,West,CA-2018-163384,First Class,CC-12430,Chuck Clark,Home Office,United States,San Francisco,California,OFF-BI-10004970,Office Supplies,"ACCOHIDE 3-Ring Binder, Blue, 1"""
Binders,13.272000000000002,West,CA-2016-111059,Second Class,TB-21400,Tom Boeckenhauer,Consumer,United States,Seattle,Washington,OFF-BI-10002827,Office Supplies,Avery Durable Poly Binders
Binders,13.343999999999998,West,CA-2019-116680,Second Class,PK-19075,Pete Kriz,Consumer,United States,San Francisco,California,OFF-BI-10004022,Office Supplies,Acco Suede Grain Vinyl Round Ring Binder
Binders,13.376,West,US-2018-103674,Standard Class,AP-10720,Anne Pryor,Home Office,United States,Los Angeles,California,OFF-BI-10003727,Office Supplies,Avery Durable Slant Ring Binders With Label Holder
Binders,13.488,West,CA-2018-131639,Standard Class,NS-18640,Noel Staavos,Corporate,United States,Carlsbad,New Mexico,OFF-BI-10001636,Office Supplies,Ibico Plastic and Wire Spiral Binding Combs
Binders,13.76,West,US-2019-155999,Standard Class,JK-15370,Jay Kimmel,Consumer,United States,San Diego,California,OFF-BI-10000404,Office Supplies,Avery Printable Repositionable Plastic Tabs
Binders,13.847999999999999,West,CA-2017-160864,First Class,NF-18595,Nicole Fjeld,Home Office,United States,San Jose,California,OFF-BI-10004654,Office Supplies,Avery Binding System Hidden Tab Executive Style Index Sets
Binders,13.904,West,CA-2019-115427,Standard Class,EB-13975,Erica Bern,Corporate,United States,Fairfield,California,OFF-BI-10002103,Office Supplies,"Cardinal Slant-D Ring Binder, Heavy Gauge Vinyl"
Binders,13.904,West,CA-2019-118122,Standard Class,GG-14650,Greg Guthrie,Corporate,United States,Seattle,Washington,OFF-BI-10002103,Office Supplies,"Cardinal Slant-D Ring Binder, Heavy Gauge Vinyl"
Binders,13.904,West,CA-2019-127285,Standard Class,MM-18055,Michelle Moray,Consumer,United States,Seattle,Washington,OFF-BI-10002072,Office Supplies,Cardinal Slant-D Ring Binders
Binders,13.904,West,CA-2019-151071,Second Class,MB-18085,Mick Brown,Consumer,United States,Los Angeles,California,OFF-BI-10002103,Office Supplies,"Cardinal Slant-D Ring Binder, Heavy Gauge Vinyl"
Binders,13.919999999999998,West,CA-2019-166093,Standard Class,RW-19540,Rick Wilson,Corporate,United States,Brentwood,California,OFF-BI-10000174,Office Supplies,"Wilson Jones Clip & Carry Folder Binder Tool for Ring Binders, Clear"
Binders,13.943999999999999,West,CA-2017-143602,Second Class,JS-15595,Jill Stevenson,Corporate,United States,Los Angeles,California,OFF-BI-10002071,Office Supplies,Fellowes Black Plastic Comb Bindings
Binders,14.016,West,US-2019-136707,First Class,JE-15610,Jim Epp,Corporate,United States,Los Angeles,California,OFF-BI-10003460,Office Supplies,Acco 3-Hole Punch
Binders,14.256000000000002,West,CA-2018-165918,Standard Class,BD-11770,Bryan Davis,Consumer,United States,Edmonds,Washington,OFF-BI-10004364,Office Supplies,Storex Dura Pro Binders
Binders,14.301000000000002,West,CA-2017-150714,Standard Class,KH-16690,Kristen Hastings,Corporate,United States,Springfield,Oregon,OFF-BI-10002982,Office Supplies,Avery Self-Adhesive Photo Pockets for Polaroid Photos
Binders,14.303999999999998,West,CA-2016-113271,Standard Class,DS-13030,Darrin Sayre,Home Office,United States,San Francisco,California,OFF-BI-10002609,Office Supplies,Avery Hidden Tab Dividers for Binding Systems
Binders,14.352000000000002,West,CA-2016-110786,Standard Class,AJ-10795,Anthony Johnson,Corporate,United States,San Francisco,California,OFF-BI-10003305,Office Supplies,Avery Hanging File Binders
Binders,14.352000000000002,West,US-2016-109456,Same Day,LS-17245,Lynn Smith,Consumer,United States,San Francisco,California,OFF-BI-10000136,Office Supplies,Avery Non-Stick Heavy Duty View Round Locking Ring Binders
Binders,14.368000000000002,West,CA-2017-137946,Second Class,DB-13615,Doug Bickford,Consumer,United States,Los Angeles,California,OFF-BI-10004140,Office Supplies,Avery Non-Stick Binders
Binders,14.592000000000002,West,CA-2017-162607,Standard Class,RO-19780,Rose O'Brian,Consumer,United States,Seattle,Washington,OFF-BI-10002949,Office Supplies,Prestige Round Ring Binders
Binders,14.624000000000002,West,CA-2019-124436,Second Class,SA-20830,Sue Ann Reed,Consumer,United States,Fresno,California,OFF-BI-10001553,Office Supplies,SpineVue Locking Slant-D Ring Binders by Cardinal
Binders,14.952000000000002,West,CA-2017-161830,Second Class,ME-17725,Max Engle,Consumer,United States,Seattle,Washington,OFF-BI-10001097,Office Supplies,Avery Hole Reinforcements
Binders,14.952000000000004,West,US-2018-105578,Standard Class,MY-17380,Maribeth Yedwab,Corporate,United States,Parker,Colorado,OFF-BI-10001658,Office Supplies,GBC Standard Therm-A-Bind Covers
Binders,14.976,West,US-2019-119039,Standard Class,BF-11170,Ben Ferrer,Home Office,United States,San Francisco,California,OFF-BI-10004182,Office Supplies,Economy Binders
Binders,14.976000000000003,West,CA-2019-131212,Standard Class,AB-10165,Alan Barnes,Consumer,United States,Bellevue,Washington,OFF-BI-10000145,Office Supplies,Zipper Ring Binder Pockets
Binders,15.192,West,CA-2019-133718,First Class,TB-21520,Tracy Blumstein,Consumer,United States,Los Angeles,California,OFF-BI-10003429,Office Supplies,"Cardinal HOLDit! Binder Insert Strips,Extra Strips"
Binders,15.24,West,CA-2018-107328,Standard Class,CA-12055,Cathy Armstrong,Home Office,United States,Los Angeles,California,OFF-BI-10002160,Office Supplies,Acco Hanging Data Binders
Binders,15.24,West,CA-2019-133431,Standard Class,LC-17140,Logan Currie,Consumer,United States,San Francisco,California,OFF-BI-10000605,Office Supplies,"Acco Pressboard Covers with Storage Hooks, 9 1/2"" x 11"", Executive Red"
Binders,15.424000000000001,West,CA-2018-115917,Standard Class,RB-19465,Rick Bensley,Home Office,United States,Vallejo,California,OFF-BI-10004728,Office Supplies,Wilson Jones Turn Tabs Binder Tool for Ring Binders
Binders,15.712000000000002,West,US-2018-157308,Standard Class,NM-18520,Neoma Murray,Consumer,United States,Seattle,Washington,OFF-BI-10003712,Office Supplies,"Acco Pressboard Covers with Storage Hooks, 14 7/8"" x 11"", Light Blue"
Binders,15.920000000000002,West,CA-2019-101805,Standard Class,SH-19975,Sally Hughsby,Corporate,United States,Seattle,Washington,OFF-BI-10002003,Office Supplies,Ibico Presentation Index for Binding Systems
Binders,15.968000000000002,West,CA-2016-106439,Standard Class,GG-14650,Greg Guthrie,Corporate,United States,Los Angeles,California,OFF-BI-10002571,Office Supplies,"Avery Framed View Binder, EZD Ring (Locking), Navy, 1 1/2"""
Binders,16.520000000000003,West,CA-2016-158064,Standard Class,AA-10375,Allen Armold,Consumer,United States,Los Angeles,California,OFF-BI-10002976,Office Supplies,ACCOHIDE Binder by Acco
Binders,16.821000000000005,West,US-2018-156986,Standard Class,ZC-21910,Zuschuss Carroll,Consumer,United States,Salem,Oregon,OFF-BI-10002498,Office Supplies,Clear Mylar Reinforcing Strips
Binders,17.04,West,CA-2018-161361,Second Class,MV-17485,Mark Van Huff,Consumer,United States,Pocatello,Idaho,OFF-BI-10002215,Office Supplies,"Wilson Jones Hanging View Binder, White, 1"""
Binders,17.04,West,US-2019-106145,Same Day,RA-19885,Ruben Ausman,Corporate,United States,San Francisco,California,OFF-BI-10002215,Office Supplies,"Wilson Jones Hanging View Binder, White, 1"""
Binders,17.088,West,US-2016-157021,Second Class,KM-16720,Kunst Miller,Consumer,United States,Vallejo,California,OFF-BI-10000042,Office Supplies,"Pressboard Data Binder, Crimson, 12"" X 8 1/2"""
Binders,17.248,West,CA-2016-104808,Second Class,MH-17440,Mark Haberlin,Corporate,United States,Escondido,California,OFF-BI-10003676,Office Supplies,"GBC Standard Recycled Report Covers, Clear Plastic Sheets"
Binders,17.456,West,CA-2018-164483,Standard Class,JF-15490,Jeremy Farry,Consumer,United States,San Francisco,California,OFF-BI-10000014,Office Supplies,Heavy-Duty E-Z-D Binders
Binders,17.456,West,CA-2019-129567,Second Class,CL-12565,Clay Ludtke,Consumer,United States,Lancaster,California,OFF-BI-10000014,Office Supplies,Heavy-Duty E-Z-D Binders
Binders,17.568,West,CA-2017-113110,Standard Class,BK-11260,Berenike Kampe,Consumer,United States,San Bernardino,California,OFF-BI-10000088,Office Supplies,GBC Imprintable Covers
Binders,17.712,West,CA-2018-141397,First Class,RC-19825,Roy Collins,Consumer,United States,Pasadena,California,OFF-BI-10000320,Office Supplies,GBC Plastic Binding Combs
Binders,17.856,West,US-2016-164406,Standard Class,BD-11605,Brian Dahlen,Consumer,United States,San Francisco,California,OFF-BI-10002309,Office Supplies,Avery Heavy-Duty EZD  Binder With Locking Rings
Binders,17.904000000000003,West,US-2018-157490,First Class,LB-16795,Laurel Beltran,Home Office,United States,Pueblo,Colorado,OFF-BI-10002824,Office Supplies,Recycled Easel Ring Binders
Binders,18.088,West,CA-2016-154599,Standard Class,KN-16450,Kean Nguyen,Corporate,United States,Redondo Beach,California,OFF-BI-10002764,Office Supplies,Recycled Pressboard Report Cover with Reinforced Top Hinge
Binders,18.088,West,CA-2018-126270,Standard Class,AF-10870,Art Ferguson,Consumer,United States,San Clemente,California,OFF-BI-10002764,Office Supplies,Recycled Pressboard Report Cover with Reinforced Top Hinge
Binders,18.16,West,CA-2018-141586,First Class,NK-18490,Neil Knudson,Home Office,United States,San Francisco,California,OFF-BI-10003981,Office Supplies,"Avery Durable Plastic 1"" Binders"
Binders,18.180000000000003,West,CA-2019-153822,Standard Class,AB-10105,Adrian Barton,Consumer,United States,Phoenix,Arizona,OFF-BI-10001460,Office Supplies,Plastic Binding Combs
Binders,18.288,West,CA-2016-147298,Standard Class,AG-10300,Aleksandra Gannaway,Corporate,United States,Los Angeles,California,OFF-BI-10001525,Office Supplies,"Acco Pressboard Covers with Storage Hooks, 14 7/8"" x 11"", Executive Red"
Binders,18.288,West,CA-2019-134565,Second Class,TB-21400,Tom Boeckenhauer,Consumer,United States,Seattle,Washington,OFF-BI-10001759,Office Supplies,"Acco Pressboard Covers with Storage Hooks, 14 7/8"" x 11"", Dark Blue"
Binders,18.368000000000002,West,US-2019-168802,Standard Class,JO-15145,Jack O'Briant,Corporate,United States,Seattle,Washington,OFF-BI-10002393,Office Supplies,Binder Posts
Binders,18.504,West,CA-2016-115812,Standard Class,BH-11710,Brosina Hoffman,Consumer,United States,Los Angeles,California,OFF-BI-10003910,Office Supplies,DXL Angle-View Binders with Locking Rings by Samsill
Binders,18.56,West,CA-2018-139010,Second Class,MC-17635,Matthew Clasen,Corporate,United States,Los Angeles,California,OFF-BI-10000174,Office Supplies,"Wilson Jones Clip & Carry Folder Binder Tool for Ring Binders, Clear"
Binders,18.72,West,CA-2019-131954,Standard Class,DS-13030,Darrin Sayre,Home Office,United States,Seattle,Washington,OFF-BI-10000138,Office Supplies,Acco Translucent Poly Ring Binders
Binders,18.72,West,US-2019-163657,Standard Class,JL-15235,Janet Lee,Consumer,United States,Los Angeles,California,OFF-BI-10000138,Office Supplies,Acco Translucent Poly Ring Binders
Binders,18.882000000000005,West,US-2018-123470,Standard Class,ME-17725,Max Engle,Consumer,United States,Aurora,Colorado,OFF-BI-10001989,Office Supplies,Premium Transparent Presentation Covers by GBC
Binders,19.152,West,CA-2017-141936,Standard Class,PN-18775,Parhena Norris,Home Office,United States,Bakersfield,California,OFF-BI-10002194,Office Supplies,Cardinal Hold-It CD Pocket
Binders,19.168000000000003,West,CA-2019-117632,Standard Class,CS-12175,Charles Sheldon,Corporate,United States,San Francisco,California,OFF-BI-10001900,Office Supplies,"DXL Angle-View Binders with Locking Rings, Black"
Binders,19.194000000000003,West,US-2017-110569,Standard Class,EB-13870,Emily Burns,Consumer,United States,Phoenix,Arizona,OFF-BI-10001036,Office Supplies,Cardinal EasyOpen D-Ring Binders
Binders,19.296,West,CA-2016-106439,Standard Class,GG-14650,Greg Guthrie,Corporate,United States,Los Angeles,California,OFF-BI-10004209,Office Supplies,"Fellowes Twister Kit, Gray/Clear, 3/pkg"
Binders,19.296,West,CA-2018-155474,Standard Class,CC-12220,Chris Cortes,Consumer,United States,Seattle,Washington,OFF-BI-10004209,Office Supplies,"Fellowes Twister Kit, Gray/Clear, 3/pkg"
Binders,19.296,West,CA-2018-168921,First Class,AG-10495,Andrew Gjertsen,Corporate,United States,Los Angeles,California,OFF-BI-10004209,Office Supplies,"Fellowes Twister Kit, Gray/Clear, 3/pkg"
Binders,19.68,West,CA-2019-129294,Standard Class,KD-16615,Ken Dana,Corporate,United States,Los Angeles,California,OFF-BI-10001757,Office Supplies,Pressboard Hanging Data Binders for Unburst Sheets
Binders,19.68,West,CA-2019-139080,Standard Class,CS-12250,Chris Selesnick,Corporate,United States,Seattle,Washington,OFF-BI-10001757,Office Supplies,Pressboard Hanging Data Binders for Unburst Sheets
Binders,19.752000000000002,West,CA-2016-152296,First Class,IL-15100,Ivan Liston,Consumer,United States,San Francisco,California,OFF-BI-10004506,Office Supplies,Wilson Jones data.warehouse D-Ring Binders with DublLock
Binders,19.824,West,CA-2019-105410,First Class,ND-18370,Natalie DeCherney,Consumer,United States,San Francisco,California,OFF-BI-10004970,Office Supplies,"ACCOHIDE 3-Ring Binder, Blue, 1"""
Binders,19.92,West,CA-2016-153150,Second Class,Dl-13600,Dorris liebe,Corporate,United States,Seattle,Washington,OFF-BI-10003355,Office Supplies,Cardinal Holdit Business Card Pockets
Binders,19.936000000000003,West,CA-2017-158456,Standard Class,KT-16465,Kean Takahito,Consumer,United States,Los Angeles,California,OFF-BI-10001097,Office Supplies,Avery Hole Reinforcements
Binders,19.936000000000003,West,CA-2019-167150,Standard Class,BP-11185,Ben Peterman,Corporate,United States,San Diego,California,OFF-BI-10001097,Office Supplies,Avery Hole Reinforcements
Binders,19.936000000000003,West,CA-2019-167661,Standard Class,MP-18175,Mike Pelletier,Home Office,United States,San Francisco,California,OFF-BI-10001097,Office Supplies,Avery Hole Reinforcements
Binders,19.968000000000004,West,CA-2018-112109,Standard Class,JE-15715,Joe Elijah,Consumer,United States,Broomfield,Colorado,OFF-BI-10002082,Office Supplies,GBC Twin Loop Wire Binding Elements
Binders,20.064,West,CA-2016-155264,Second Class,RP-19270,Rachel Payne,Corporate,United States,San Francisco,California,OFF-BI-10003727,Office Supplies,Avery Durable Slant Ring Binders With Label Holder
Binders,20.232,West,CA-2016-133704,Standard Class,MA-17995,Michelle Arnett,Home Office,United States,Los Angeles,California,OFF-BI-10001636,Office Supplies,Ibico Plastic and Wire Spiral Binding Combs
Binders,20.416,West,CA-2018-116911,Standard Class,JD-16150,Justin Deggeller,Corporate,United States,Twin Falls,Idaho,OFF-BI-10001249,Office Supplies,Avery Heavy-Duty EZD View Binder with Locking Rings
Binders,20.704,West,CA-2018-128811,Standard Class,SF-20200,Sarah Foster,Consumer,United States,Seattle,Washington,OFF-BI-10000301,Office Supplies,GBC Instant Report Kit
Binders,20.72,West,CA-2019-115427,Standard Class,EB-13975,Erica Bern,Corporate,United States,Fairfield,California,OFF-BI-10004632,Office Supplies,GBC Binding covers
Binders,20.724000000000004,West,CA-2019-169894,Second Class,MV-17485,Mark Van Huff,Consumer,United States,Mesa,Arizona,OFF-BI-10004230,Office Supplies,GBC Recycled Grain Textured Covers
Binders,20.928,West,US-2019-146416,Second Class,JE-16165,Justin Ellison,Corporate,United States,Woodland,California,OFF-BI-10001787,Office Supplies,Wilson Jones Four-Pocket Poly Binders
Binders,20.952,West,CA-2018-111913,Second Class,LC-16930,Linda Cazamias,Corporate,United States,Sacramento,California,OFF-BI-10003291,Office Supplies,Wilson Jones Leather-Like Binders with DublLock Round Rings
Binders,21.312000000000005,West,CA-2019-163671,Standard Class,DP-13105,Dave Poirier,Corporate,United States,Meridian,Idaho,OFF-BI-10001679,Office Supplies,GBC Instant Index System for Binding Systems
Binders,21.336,West,CA-2019-116204,Second Class,VW-21775,Victoria Wilson,Corporate,United States,San Francisco,California,OFF-BI-10001759,Office Supplies,"Acco Pressboard Covers with Storage Hooks, 14 7/8"" x 11"", Dark Blue"
Binders,21.36,West,CA-2016-165568,Standard Class,BF-11020,Barry Französisch,Corporate,United States,Seattle,Washington,OFF-BI-10001031,Office Supplies,Pressboard Data Binders by Wilson Jones
Binders,21.552000000000003,West,CA-2018-110982,First Class,CK-12205,Chloris Kastensmidt,Consumer,United States,Santa Clara,California,OFF-BI-10000829,Office Supplies,Avery Non-Stick Binders
Binders,21.594000000000005,West,CA-2019-134845,Standard Class,SR-20425,Sharelle Roach,Home Office,United States,Louisville,Colorado,OFF-BI-10001543,Office Supplies,GBC VeloBinder Manual Binding System
Binders,21.792,West,CA-2019-152737,Standard Class,TS-21505,Tony Sayre,Consumer,United States,San Francisco,California,OFF-BI-10002982,Office Supplies,Avery Self-Adhesive Photo Pockets for Polaroid Photos
Binders,21.936000000000003,West,CA-2016-125829,Standard Class,WB-21850,William Brown,Consumer,United States,Los Angeles,California,OFF-BI-10001036,Office Supplies,Cardinal EasyOpen D-Ring Binders
Binders,22.424000000000003,West,CA-2019-108854,Standard Class,DM-13345,Denise Monton,Corporate,United States,San Francisco,California,OFF-BI-10002854,Office Supplies,"Performers Binder/Pad Holder, Black"
Binders,22.620000000000005,West,US-2018-105578,Standard Class,MY-17380,Maribeth Yedwab,Corporate,United States,Parker,Colorado,OFF-BI-10001670,Office Supplies,Vinyl Sectional Post Binders
Binders,22.638,West,CA-2019-141117,Standard Class,JK-16090,Juliana Krohn,Consumer,United States,Springfield,Oregon,OFF-BI-10003676,Office Supplies,"GBC Standard Recycled Report Covers, Clear Plastic Sheets"
Binders,22.72,West,CA-2016-143336,Second Class,ZD-21925,Zuschuss Donatelli,Consumer,United States,San Francisco,California,OFF-BI-10002215,Office Supplies,"Wilson Jones Hanging View Binder, White, 1"""
Binders,22.72,West,CA-2018-134803,Standard Class,CL-12565,Clay Ludtke,Consumer,United States,Los Angeles,California,OFF-BI-10002215,Office Supplies,"Wilson Jones Hanging View Binder, White, 1"""
Binders,22.848,West,CA-2017-152513,Second Class,JP-16135,Julie Prescott,Home Office,United States,San Diego,California,OFF-BI-10002706,Office Supplies,Avery Premier Heavy-Duty Binder with Round Locking Rings
Binders,22.92,West,CA-2019-107909,Standard Class,SS-20875,Sung Shariari,Consumer,United States,Redmond,Washington,OFF-BI-10003476,Office Supplies,Avery Metallic Poly Binders
Binders,23.136000000000003,West,CA-2017-148180,Standard Class,BP-11095,Bart Pistole,Corporate,United States,Oxnard,California,OFF-BI-10003314,Office Supplies,Tuff Stuff Recycled Round Ring Binders
Binders,23.168000000000003,West,CA-2019-108560,Standard Class,JC-15385,Jenna Caffey,Consumer,United States,Kent,Washington,OFF-BI-10001107,Office Supplies,"GBC White Gloss Covers, Plain Front"
Binders,23.2,West,CA-2018-124814,Standard Class,FM-14215,Filia McAdams,Corporate,United States,Bakersfield,California,OFF-BI-10000174,Office Supplies,"Wilson Jones Clip & Carry Folder Binder Tool for Ring Binders, Clear"
Binders,23.24,West,CA-2019-150609,Standard Class,NZ-18565,Nick Zandusky,Home Office,United States,Los Angeles,California,OFF-BI-10002071,Office Supplies,Fellowes Black Plastic Comb Bindings
Binders,24.192,West,CA-2017-146465,Standard Class,PB-18805,Patrick Bzostek,Home Office,United States,San Francisco,California,OFF-BI-10004528,Office Supplies,Cardinal Poly Pocket Divider Pockets for Ring Binders
Binders,24.320000000000004,West,CA-2019-137428,Second Class,AY-10555,Andy Yotov,Corporate,United States,Oceanside,California,OFF-BI-10002949,Office Supplies,Prestige Round Ring Binders
Binders,24.448,West,CA-2017-145065,First Class,DK-13375,Dennis Kane,Consumer,United States,San Diego,California,OFF-BI-10002437,Office Supplies,Recycled Premium Regency Composition Covers
Binders,24.704,West,US-2018-113985,Standard Class,KD-16495,Keith Dawkins,Corporate,United States,San Jose,California,OFF-BI-10002353,Office Supplies,GBC VeloBind Cover Sets
Binders,24.816000000000003,West,CA-2019-131212,Standard Class,AB-10165,Alan Barnes,Consumer,United States,Bellevue,Washington,OFF-BI-10001617,Office Supplies,GBC Wire Binding Combs
Binders,25.031999999999996,West,CA-2018-156811,Standard Class,BP-11095,Bart Pistole,Corporate,United States,San Francisco,California,OFF-BI-10001628,Office Supplies,"Acco Data Flex Cable Posts For Top & Bottom Load Binders, 6"" Capacity"
Binders,25.031999999999996,West,US-2017-129007,First Class,KD-16615,Ken Dana,Corporate,United States,Anaheim,California,OFF-BI-10001628,Office Supplies,"Acco Data Flex Cable Posts For Top & Bottom Load Binders, 6"" Capacity"
Binders,25.031999999999996,West,US-2017-138716,First Class,CS-11845,Cari Sayre,Corporate,United States,Seattle,Washington,OFF-BI-10001628,Office Supplies,"Acco Data Flex Cable Posts For Top & Bottom Load Binders, 6"" Capacity"
Binders,25.120000000000005,West,CA-2019-123967,Second Class,SF-20200,Sarah Foster,Consumer,United States,Bellingham,Washington,OFF-BI-10001308,Office Supplies,GBC Standard Plastic Binding Systems' Combs
Binders,25.164,West,US-2016-160780,Same Day,SV-20785,Stewart Visinsky,Consumer,United States,Pueblo,Colorado,OFF-BI-10002931,Office Supplies,"Avery Trapezoid Extra Heavy Duty 4"" Binders"
Binders,25.584000000000003,West,CA-2019-112515,Second Class,AS-10225,Alan Schoenberger,Corporate,United States,Provo,Utah,OFF-BI-10004233,Office Supplies,"GBC Pre-Punched Binding Paper, Plastic, White, 8-1/2"" x 11"""
Binders,25.824,West,CA-2017-135545,Standard Class,KM-16720,Kunst Miller,Consumer,United States,Los Angeles,California,OFF-BI-10001078,Office Supplies,"Acco PRESSTEX Data Binder with Storage Hooks, Dark Blue, 14 7/8"" X 11"""
Binders,25.824,West,CA-2019-123778,Standard Class,BS-11755,Bruce Stewart,Consumer,United States,San Francisco,California,OFF-BI-10000822,Office Supplies,"Acco PRESSTEX Data Binder with Storage Hooks, Light Blue, 9 1/2"" X 11"""
Binders,26.032,West,CA-2019-133823,Same Day,LP-17080,Liz Pelletier,Consumer,United States,Seattle,Washington,OFF-BI-10000962,Office Supplies,"Acco Flexible ACCOHIDE Square Ring Data Binder, Dark Blue, 11 1/2"" X 14"" 7/8"""
Binders,26.352000000000004,West,CA-2018-130484,Standard Class,SG-20470,Sheri Gordon,Consumer,United States,Gresham,Oregon,OFF-BI-10000088,Office Supplies,GBC Imprintable Covers
Binders,26.352000000000004,West,CA-2019-163874,Second Class,NC-18535,Nick Crebassa,Corporate,United States,Seattle,Washington,OFF-BI-10000088,Office Supplies,GBC Imprintable Covers
Binders,26.976,West,CA-2017-169278,Standard Class,ME-18010,Michelle Ellison,Corporate,United States,Seattle,Washington,OFF-BI-10001636,Office Supplies,Ibico Plastic and Wire Spiral Binding Combs
Binders,26.976,West,CA-2018-161669,First Class,EM-14095,Eudokia Martin,Corporate,United States,Los Angeles,California,OFF-BI-10001636,Office Supplies,Ibico Plastic and Wire Spiral Binding Combs
Binders,27.240000000000002,West,CA-2018-138037,Standard Class,AR-10540,Andy Reiter,Consumer,United States,San Francisco,California,OFF-BI-10002982,Office Supplies,Avery Self-Adhesive Photo Pockets for Polaroid Photos
Binders,27.264,West,CA-2018-162614,Standard Class,TB-21250,Tim Brockman,Consumer,United States,Los Angeles,California,OFF-BI-10004001,Office Supplies,GBC Recycled VeloBinder Covers
Binders,27.496000000000002,West,CA-2019-124436,Second Class,SA-20830,Sue Ann Reed,Consumer,United States,Fresno,California,OFF-BI-10000343,Office Supplies,"Pressboard Covers with Storage Hooks, 9 1/2"" x 11"", Light Blue"
Binders,27.680000000000003,West,CA-2018-113817,Standard Class,MJ-17740,Max Jones,Consumer,United States,Seattle,Washington,OFF-BI-10004002,Office Supplies,Wilson Jones International Size A4 Ring Binders
Binders,27.936000000000003,West,CA-2016-141838,Second Class,DK-12835,Damala Kotsonis,Corporate,United States,San Francisco,California,OFF-BI-10003291,Office Supplies,Wilson Jones Leather-Like Binders with DublLock Round Rings
Binders,27.936000000000003,West,CA-2019-131954,Standard Class,DS-13030,Darrin Sayre,Home Office,United States,Seattle,Washington,OFF-BI-10003291,Office Supplies,Wilson Jones Leather-Like Binders with DublLock Round Rings
Binders,28.485,West,CA-2018-109869,Standard Class,TN-21040,Tanja Norvell,Home Office,United States,Phoenix,Arizona,OFF-BI-10000315,Office Supplies,Poly Designer Cover & Back
Binders,28.752000000000002,West,CA-2017-130785,Standard Class,AG-10900,Arthur Gainer,Consumer,United States,San Diego,California,OFF-BI-10001900,Office Supplies,"DXL Angle-View Binders with Locking Rings, Black"
Binders,28.792,West,US-2019-128447,Standard Class,MC-17845,Michael Chen,Consumer,United States,Pasco,Washington,OFF-BI-10001543,Office Supplies,GBC VeloBinder Manual Binding System
Binders,29.120000000000005,West,CA-2018-140207,Standard Class,CS-12400,Christopher Schild,Home Office,United States,San Jose,California,OFF-BI-10003963,Office Supplies,Cardinal Holdit Data Disk Pockets
Binders,29.2,West,CA-2017-157770,First Class,RD-19585,Rob Dowd,Consumer,United States,Temecula,California,OFF-BI-10000050,Office Supplies,"Angle-D Binders with Locking Rings, Label Holders"
Binders,29.800000000000004,West,CA-2019-136623,Standard Class,TS-21430,Tom Stivers,Corporate,United States,San Diego,California,OFF-BI-10003708,Office Supplies,"Acco Four Pocket Poly Ring Binder with Label Holder, Smoke, 1"""
Binders,29.800000000000004,West,US-2017-164448,Second Class,DK-12835,Damala Kotsonis,Corporate,United States,Salinas,California,OFF-BI-10003708,Office Supplies,"Acco Four Pocket Poly Ring Binder with Label Holder, Smoke, 1"""
Binders,30.576,West,CA-2019-111591,Standard Class,PS-18970,Paul Stevenson,Home Office,United States,Seattle,Washington,OFF-BI-10004410,Office Supplies,"C-Line Peel & Stick Add-On Filing Pockets, 8-3/4 x 5-1/8, 10/Pack"
Binders,30.84,West,CA-2019-147354,Standard Class,KB-16315,Karl Braun,Consumer,United States,Los Angeles,California,OFF-BI-10003910,Office Supplies,DXL Angle-View Binders with Locking Rings by Samsill
Binders,30.960000000000004,West,CA-2019-128076,Standard Class,BO-11350,Bill Overfelt,Corporate,United States,San Diego,California,OFF-BI-10003638,Office Supplies,GBC Durable Plastic Covers
Binders,31.128000000000004,West,CA-2019-156776,Standard Class,JL-15505,Jeremy Lonsdale,Consumer,United States,Westminster,California,OFF-BI-10000216,Office Supplies,"Mead 1st Gear 2"" Zipper Binder, Asst. Colors"
Binders,31.248000000000005,West,CA-2018-139010,Second Class,MC-17635,Matthew Clasen,Corporate,United States,Los Angeles,California,OFF-BI-10002309,Office Supplies,Avery Heavy-Duty EZD  Binder With Locking Rings
Binders,31.32,West,CA-2018-167507,Standard Class,SA-20830,Sue Ann Reed,Consumer,United States,Redmond,Oregon,OFF-BI-10003694,Office Supplies,"Avery 3 1/2"" Diskette Storage Pages, 10/Pack"
Binders,31.504000000000005,West,CA-2018-116722,Standard Class,LP-17080,Liz Pelletier,Consumer,United States,San Francisco,California,OFF-BI-10001890,Office Supplies,Avery Poly Binder Pockets
Binders,32.34,West,CA-2016-146591,First Class,TS-21340,Toby Swindell,Consumer,United States,Scottsdale,Arizona,OFF-BI-10003676,Office Supplies,"GBC Standard Recycled Report Covers, Clear Plastic Sheets"
Binders,33.024,West,CA-2018-113516,Second Class,VM-21685,Valerie Mitchum,Home Office,United States,Lancaster,California,OFF-BI-10002225,Office Supplies,"Square Ring Data Binders, Rigid 75 Pt. Covers, 11"" x 14-7/8"""
Binders,33.088,West,CA-2016-114510,Standard Class,JF-15295,Jason Fortune-,Consumer,United States,Logan,Utah,OFF-BI-10001617,Office Supplies,GBC Wire Binding Combs
Binders,33.44,West,CA-2018-167983,Second Class,RP-19270,Rachel Payne,Corporate,United States,Seattle,Washington,OFF-BI-10003727,Office Supplies,Avery Durable Slant Ring Binders With Label Holder
Binders,33.568000000000005,West,CA-2018-161095,Same Day,CS-12250,Chris Selesnick,Corporate,United States,Los Angeles,California,OFF-BI-10001524,Office Supplies,GBC Premium Transparent Covers with Diagonal Lined Pattern
Binders,34.248000000000005,West,CA-2017-141593,Second Class,DB-12970,Darren Budd,Corporate,United States,Los Angeles,California,OFF-BI-10000948,Office Supplies,"GBC Laser Imprintable Binding System Covers, Desert Sand"
Binders,34.272,West,CA-2016-130729,Standard Class,AA-10375,Allen Armold,Consumer,United States,Rancho Cucamonga,California,OFF-BI-10002706,Office Supplies,Avery Premier Heavy-Duty Binder with Round Locking Rings
Binders,34.76,West,CA-2019-120719,First Class,SJ-20125,Sanjit Jacobs,Home Office,United States,Seattle,Washington,OFF-BI-10002103,Office Supplies,"Cardinal Slant-D Ring Binder, Heavy Gauge Vinyl"
Binders,35.352000000000004,West,CA-2018-126809,Standard Class,EB-13750,Edward Becker,Corporate,United States,Seattle,Washington,OFF-BI-10003712,Office Supplies,"Acco Pressboard Covers with Storage Hooks, 14 7/8"" x 11"", Light Blue"
Binders,35.808,West,CA-2018-165330,Same Day,WB-21850,William Brown,Consumer,United States,Anaheim,California,OFF-BI-10002824,Office Supplies,Recycled Easel Ring Binders
Binders,36.024,West,CA-2019-100580,Standard Class,MK-17905,Michael Kennedy,Corporate,United States,San Diego,California,OFF-BI-10000069,Office Supplies,"GBC Prepunched Paper, 19-Hole, for Binding Systems, 24-lb"
Binders,36.36,West,CA-2016-169852,Standard Class,SF-20965,Sylvia Foulston,Corporate,United States,San Diego,California,OFF-BI-10001460,Office Supplies,Plastic Binding Combs
Binders,36.624,West,CA-2017-127418,First Class,JJ-15445,Jennifer Jackson,Consumer,United States,Los Angeles,California,OFF-BI-10003707,Office Supplies,Aluminum Screw Posts
Binders,36.624,West,CA-2018-163594,First Class,JF-15295,Jason Fortune-,Consumer,United States,Los Angeles,California,OFF-BI-10003707,Office Supplies,Aluminum Screw Posts
Binders,36.624,West,US-2019-112347,Standard Class,BS-11380,Bill Stewart,Corporate,United States,Denver,Colorado,OFF-BI-10003707,Office Supplies,Aluminum Screw Posts
Binders,36.672000000000004,West,CA-2019-128160,Second Class,MM-17920,Michael Moore,Consumer,United States,San Francisco,California,OFF-BI-10001510,Office Supplies,Deluxe Heavy-Duty Vinyl Round Ring Binder
Binders,36.882000000000005,West,US-2017-156867,Standard Class,LC-16870,Lena Cacioppo,Consumer,United States,Aurora,Colorado,OFF-BI-10002794,Office Supplies,"Avery Trapezoid Ring Binder, 3"" Capacity, Black, 1040 sheets"
Binders,37.056,West,CA-2016-166961,Standard Class,CD-12790,Cynthia Delaney,Home Office,United States,Moreno Valley,California,OFF-BI-10002353,Office Supplies,GBC VeloBind Cover Sets
Binders,37.44,West,CA-2018-161669,First Class,EM-14095,Eudokia Martin,Corporate,United States,Los Angeles,California,OFF-BI-10001294,Office Supplies,Fellowes Binding Cases
Binders,38.136,West,CA-2018-146633,Second Class,TG-21310,Toby Gnade,Consumer,United States,Los Angeles,California,OFF-BI-10002982,Office Supplies,Avery Self-Adhesive Photo Pockets for Polaroid Photos
Binders,38.376000000000005,West,CA-2018-156139,Standard Class,BP-11155,Becky Pak,Consumer,United States,San Francisco,California,OFF-BI-10004233,Office Supplies,"GBC Pre-Punched Binding Paper, Plastic, White, 8-1/2"" x 11"""
Binders,38.388000000000005,West,US-2019-155425,First Class,AB-10600,Ann Blume,Corporate,United States,Tucson,Arizona,OFF-BI-10001036,Office Supplies,Cardinal EasyOpen D-Ring Binders
Binders,39.62400000000001,West,CA-2018-165918,Standard Class,BD-11770,Bryan Davis,Consumer,United States,Edmonds,Washington,OFF-BI-10004826,Office Supplies,JM Magazine Binder
Binders,39.62400000000001,West,CA-2019-125990,Standard Class,JS-16030,Joy Smith,Consumer,United States,San Francisco,California,OFF-BI-10004826,Office Supplies,JM Magazine Binder
Binders,39.87200000000001,West,CA-2018-116561,Standard Class,EB-14110,Eugene Barchas,Consumer,United States,San Jose,California,OFF-BI-10001658,Office Supplies,GBC Standard Therm-A-Bind Covers
Binders,39.92,West,CA-2017-107020,Standard Class,MV-18190,Mike Vittorini,Consumer,United States,San Bernardino,California,OFF-BI-10003719,Office Supplies,Large Capacity Hanging Post Binders
Binders,39.92,West,CA-2019-167661,Standard Class,MP-18175,Mike Pelletier,Home Office,United States,San Francisco,California,OFF-BI-10002571,Office Supplies,"Avery Framed View Binder, EZD Ring (Locking), Navy, 1 1/2"""
Binders,40.63500000000001,West,CA-2018-146010,First Class,EH-14125,Eugene Hildebrand,Home Office,United States,Colorado Springs,Colorado,OFF-BI-10003638,Office Supplies,GBC Durable Plastic Covers
Binders,40.736000000000004,West,CA-2019-105130,Standard Class,PJ-18835,Patrick Jones,Corporate,United States,San Francisco,California,OFF-BI-10001191,Office Supplies,Canvas Sectional Post Binders
Binders,41.36,West,CA-2017-121188,Standard Class,CB-12025,Cassandra Brandow,Consumer,United States,Los Angeles,California,OFF-BI-10001617,Office Supplies,GBC Wire Binding Combs
Binders,41.72,West,CA-2017-116092,Second Class,JM-16195,Justin MacKendrick,Consumer,United States,Los Angeles,California,OFF-BI-10001628,Office Supplies,"Acco Data Flex Cable Posts For Top & Bottom Load Binders, 6"" Capacity"
Binders,41.72,West,CA-2018-125738,Standard Class,PB-18805,Patrick Bzostek,Home Office,United States,Salt Lake City,Utah,OFF-BI-10001628,Office Supplies,"Acco Data Flex Cable Posts For Top & Bottom Load Binders, 6"" Capacity"
Binders,41.904,West,CA-2016-114125,Standard Class,GH-14410,Gary Hansen,Home Office,United States,Los Angeles,California,OFF-BI-10003291,Office Supplies,Wilson Jones Leather-Like Binders with DublLock Round Rings
Binders,41.904,West,CA-2018-133802,Standard Class,SP-20650,Stephanie Phelps,Corporate,United States,Redwood City,California,OFF-BI-10003291,Office Supplies,Wilson Jones Leather-Like Binders with DublLock Round Rings
Binders,43.176,West,CA-2016-137351,Standard Class,DB-13615,Doug Bickford,Consumer,United States,Seattle,Washington,OFF-BI-10003910,Office Supplies,DXL Angle-View Binders with Locking Rings by Samsill
Binders,43.584,West,CA-2018-109365,Standard Class,XP-21865,Xylona Preis,Consumer,United States,Los Angeles,California,OFF-BI-10003981,Office Supplies,"Avery Durable Plastic 1"" Binders"
Binders,44.85600000000001,West,CA-2018-134222,Same Day,NZ-18565,Nick Zandusky,Home Office,United States,Yuma,Arizona,OFF-BI-10001658,Office Supplies,GBC Standard Therm-A-Bind Covers
Binders,45.24000000000001,West,CA-2018-145261,First Class,AH-10120,Adrian Hane,Home Office,United States,Salem,Oregon,OFF-BI-10001670,Office Supplies,Vinyl Sectional Post Binders
Binders,45.584,West,CA-2017-151470,Standard Class,AM-10705,Anne McFarland,Consumer,United States,Las Vegas,Nevada,OFF-BI-10004040,Office Supplies,Wilson Jones Impact Binders
Binders,46.440000000000005,West,US-2016-164406,Standard Class,BD-11605,Brian Dahlen,Consumer,United States,San Francisco,California,OFF-BI-10003638,Office Supplies,GBC Durable Plastic Covers
Binders,46.672000000000004,West,CA-2019-140186,First Class,PG-18820,Patrick Gardner,Consumer,United States,Bakersfield,California,OFF-BI-10003364,Office Supplies,Binding Machine Supplies
Binders,46.672000000000004,West,CA-2019-140585,Second Class,RA-19915,Russell Applegate,Consumer,United States,Encinitas,California,OFF-BI-10003364,Office Supplies,Binding Machine Supplies
Binders,47.208,West,US-2018-169040,Standard Class,GT-14710,Greg Tran,Consumer,United States,Seattle,Washington,OFF-BI-10001636,Office Supplies,Ibico Plastic and Wire Spiral Binding Combs
Binders,48.032000000000004,West,CA-2018-123358,Standard Class,BT-11680,Brian Thompson,Consumer,United States,San Francisco,California,OFF-BI-10000069,Office Supplies,"GBC Prepunched Paper, 19-Hole, for Binding Systems, 24-lb"
Binders,48.64,West,CA-2018-100244,Standard Class,GM-14695,Greg Maxwell,Corporate,United States,San Francisco,California,OFF-BI-10000977,Office Supplies,Ibico Plastic Spiral Binding Combs
Binders,48.664,West,US-2018-128678,Standard Class,RB-19570,Rob Beeghly,Consumer,United States,Seattle,Washington,OFF-BI-10002103,Office Supplies,"Cardinal Slant-D Ring Binder, Heavy Gauge Vinyl"
Binders,49.408,West,US-2016-158400,First Class,AH-10030,Aaron Hawkins,Corporate,United States,San Francisco,California,OFF-BI-10002353,Office Supplies,GBC VeloBind Cover Sets
Binders,49.536,West,CA-2018-134775,First Class,AS-10285,Alejandro Savely,Corporate,United States,San Francisco,California,OFF-BI-10002225,Office Supplies,"Square Ring Data Binders, Rigid 75 Pt. Covers, 11"" x 14-7/8"""
Binders,49.568000000000005,West,CA-2016-154837,Second Class,RB-19645,Robert Barroso,Corporate,United States,Los Angeles,California,OFF-BI-10001575,Office Supplies,GBC Linen Binding Covers
Binders,49.568000000000005,West,CA-2017-150770,First Class,LC-16870,Lena Cacioppo,Consumer,United States,San Francisco,California,OFF-BI-10001575,Office Supplies,GBC Linen Binding Covers
Binders,50.352000000000004,West,CA-2017-137302,Standard Class,BW-11110,Bart Watters,Corporate,United States,San Diego,California,OFF-BI-10001524,Office Supplies,GBC Premium Transparent Covers with Diagonal Lined Pattern
Binders,50.352000000000004,West,CA-2019-145429,Standard Class,SW-20455,Shaun Weien,Consumer,United States,San Diego,California,OFF-BI-10001524,Office Supplies,GBC Premium Transparent Covers with Diagonal Lined Pattern
Binders,50.784,West,CA-2018-153661,First Class,SC-20725,Steven Cartwright,Consumer,United States,San Francisco,California,OFF-BI-10004781,Office Supplies,GBC Wire Binding Strips
Binders,51.18400000000001,West,CA-2018-119123,Standard Class,DB-13360,Dennis Bolton,Home Office,United States,Riverside,California,OFF-BI-10001036,Office Supplies,Cardinal EasyOpen D-Ring Binders
Binders,51.312,West,CA-2017-109638,Standard Class,JH-15985,Joseph Holt,Consumer,United States,Seattle,Washington,OFF-BI-10001098,Office Supplies,Acco D-Ring Binder w/DublLock
Binders,51.312,West,CA-2019-157833,First Class,KD-16345,Katherine Ducich,Consumer,United States,San Francisco,California,OFF-BI-10001721,Office Supplies,Trimflex Flexible Post Binders
Binders,51.648,West,US-2018-119046,Standard Class,EH-13765,Edward Hooks,Corporate,United States,Seattle,Washington,OFF-BI-10001078,Office Supplies,"Acco PRESSTEX Data Binder with Storage Hooks, Dark Blue, 14 7/8"" X 11"""
Binders,53.248000000000005,West,CA-2018-148908,First Class,JH-15985,Joseph Holt,Consumer,United States,San Francisco,California,OFF-BI-10002082,Office Supplies,GBC Twin Loop Wire Binding Elements
Binders,53.568,West,CA-2017-129917,First Class,HM-14980,Henry MacAllister,Consumer,United States,Los Angeles,California,OFF-BI-10004828,Office Supplies,GBC Poly Designer Binding Covers
Binders,53.984,West,CA-2018-142405,Standard Class,SE-20110,Sanjit Engle,Consumer,United States,Seattle,Washington,OFF-BI-10004728,Office Supplies,Wilson Jones Turn Tabs Binder Tool for Ring Binders
Binders,54.79200000000001,West,CA-2018-118969,First Class,LP-17095,Liz Preis,Consumer,United States,Phoenix,Arizona,OFF-BI-10002429,Office Supplies,"Premier Elliptical Ring Binder, Black"
Binders,54.89600000000001,West,CA-2019-124576,Second Class,HK-14890,Heather Kirkland,Corporate,United States,Salinas,California,OFF-BI-10002735,Office Supplies,GBC Prestige Therm-A-Bind Covers
Binders,55.264,West,CA-2017-141593,Second Class,DB-12970,Darren Budd,Corporate,United States,Los Angeles,California,OFF-BI-10001153,Office Supplies,Ibico Recycled Grain-Textured Covers
Binders,55.36000000000001,West,CA-2018-112893,Second Class,AT-10735,Annie Thurman,Consumer,United States,Stockton,California,OFF-BI-10004654,Office Supplies,VariCap6 Expandable Binder
Binders,55.36000000000001,West,CA-2018-149916,Second Class,ED-13885,Emily Ducich,Home Office,United States,Seattle,Washington,OFF-BI-10004002,Office Supplies,Wilson Jones International Size A4 Ring Binders
Binders,55.42400000000001,West,CA-2017-119907,Standard Class,LC-17140,Logan Currie,Consumer,United States,Seattle,Washington,OFF-BI-10001765,Office Supplies,Wilson Jones Heavy-Duty Casebound Ring Binders with Metal Hinges
Binders,56.16,West,CA-2017-158701,Standard Class,JL-15175,James Lanier,Home Office,United States,San Francisco,California,OFF-BI-10001294,Office Supplies,Fellowes Binding Cases
Binders,57.504000000000005,West,CA-2017-104493,Standard Class,EB-13705,Ed Braxton,Corporate,United States,San Diego,California,OFF-BI-10004817,Office Supplies,GBC Personal VeloBind Strips
Binders,57.584,West,CA-2018-116379,Standard Class,LD-17005,Lisa DeCherney,Consumer,United States,San Francisco,California,OFF-BI-10001543,Office Supplies,GBC VeloBinder Manual Binding System
Binders,59.80800000000001,West,CA-2016-104472,Standard Class,CK-12325,Christine Kargatis,Home Office,United States,Orem,Utah,OFF-BI-10001658,Office Supplies,GBC Standard Therm-A-Bind Covers
Binders,59.80800000000001,West,US-2018-169040,Standard Class,GT-14710,Greg Tran,Consumer,United States,Seattle,Washington,OFF-BI-10001658,Office Supplies,GBC Standard Therm-A-Bind Covers
Binders,61.120000000000005,West,CA-2018-108630,Same Day,BE-11410,Bobby Elias,Consumer,United States,Concord,California,OFF-BI-10002437,Office Supplies,Recycled Premium Regency Composition Covers
Binders,61.77600000000001,West,CA-2019-129378,First Class,NS-18505,Neola Schneider,Consumer,United States,San Jose,California,OFF-BI-10001922,Office Supplies,Storex Dura Pro Binders
Binders,62.048,West,CA-2016-114510,Standard Class,JF-15295,Jason Fortune-,Consumer,United States,Logan,Utah,OFF-BI-10003007,Office Supplies,"Premium Transparent Presentation Covers, No Pattern/Clear, 8 1/2"" x 11"""
Binders,62.49600000000001,West,CA-2017-150770,First Class,LC-16870,Lena Cacioppo,Consumer,United States,San Francisco,California,OFF-BI-10002026,Office Supplies,Ibico Recycled Linen-Style Covers
Binders,64.96,West,CA-2019-169859,Standard Class,MP-18175,Mike Pelletier,Home Office,United States,San Diego,California,OFF-BI-10000174,Office Supplies,"Wilson Jones Clip & Carry Folder Binder Tool for Ring Binders, Clear"
Binders,65.568,West,CA-2016-153808,Second Class,FH-14275,Frank Hawley,Corporate,United States,Los Angeles,California,OFF-BI-10002794,Office Supplies,"Avery Trapezoid Ring Binder, 3"" Capacity, Black, 1040 sheets"
Binders,65.568,West,CA-2019-167150,Standard Class,BP-11185,Ben Peterman,Corporate,United States,San Diego,California,OFF-BI-10001597,Office Supplies,"Wilson Jones Ledger-Size, Piano-Hinge Binder, 2"", Blue"
Binders,66.048,West,CA-2017-115511,Standard Class,NW-18400,Natalie Webber,Consumer,United States,Las Vegas,Nevada,OFF-BI-10002225,Office Supplies,"Square Ring Data Binders, Rigid 75 Pt. Covers, 11"" x 14-7/8"""
Binders,67.13600000000001,West,CA-2018-113516,Second Class,VM-21685,Valerie Mitchum,Home Office,United States,Lancaster,California,OFF-BI-10001989,Office Supplies,Premium Transparent Presentation Covers by GBC
Binders,67.13600000000001,West,US-2018-117387,Standard Class,PA-19060,Pete Armstrong,Home Office,United States,San Francisco,California,OFF-BI-10004308,Office Supplies,Avery Legal 4-Ring Binder
Binders,67.86000000000001,West,CA-2019-147767,Same Day,SV-20935,Susan Vittorini,Consumer,United States,Peoria,Arizona,OFF-BI-10001670,Office Supplies,Vinyl Sectional Post Binders
Binders,69.456,West,CA-2016-133158,Second Class,DW-13195,David Wiener,Corporate,United States,Los Angeles,California,OFF-BI-10000632,Office Supplies,Satellite Sectional Post Binders
Binders,69.456,West,CA-2019-109701,Same Day,AM-10360,Alice McCarthy,Corporate,United States,Los Angeles,California,OFF-BI-10000632,Office Supplies,Satellite Sectional Post Binders
Binders,70.00800000000001,West,CA-2017-137526,Standard Class,PB-19150,Philip Brown,Consumer,United States,Los Angeles,California,OFF-BI-10003364,Office Supplies,Binding Machine Supplies
Binders,70.00800000000001,West,CA-2018-105494,First Class,PC-18745,Pamela Coakley,Corporate,United States,San Francisco,California,OFF-BI-10003364,Office Supplies,Binding Machine Supplies
Binders,70.464,West,CA-2019-129294,Standard Class,KD-16615,Ken Dana,Corporate,United States,Los Angeles,California,OFF-BI-10004236,Office Supplies,"XtraLife ClearVue Slant-D Ring Binder, White, 3"""
Binders,72.58800000000001,West,CA-2017-124800,Standard Class,RW-19540,Rick Wilson,Corporate,United States,Mesa,Arizona,OFF-BI-10000778,Office Supplies,GBC VeloBinder Electric Binding Machine
Binders,72.58800000000001,West,US-2019-107979,Standard Class,FO-14305,Frank Olsen,Consumer,United States,Glendale,Arizona,OFF-BI-10000778,Office Supplies,GBC VeloBinder Electric Binding Machine
Binders,72.96000000000001,West,CA-2019-121853,Standard Class,DB-13660,Duane Benoit,Consumer,United States,Los Angeles,California,OFF-BI-10000977,Office Supplies,Ibico Plastic Spiral Binding Combs
Binders,73.344,West,CA-2019-120222,Standard Class,LL-16840,Lauren Leatherbury,Consumer,United States,Los Angeles,California,OFF-BI-10000666,Office Supplies,Surelock Post Binders
Binders,75.792,West,CA-2019-102946,Standard Class,VP-21730,Victor Preis,Home Office,United States,Las Vegas,Nevada,OFF-BI-10004492,Office Supplies,Tuf-Vin Binders
Binders,76.176,West,CA-2018-145583,Standard Class,LC-16885,Lena Creighton,Consumer,United States,Roseville,California,OFF-BI-10004781,Office Supplies,GBC Wire Binding Strips
Binders,76.77600000000001,West,US-2019-125717,First Class,DS-13030,Darrin Sayre,Home Office,United States,Aurora,Colorado,OFF-BI-10001718,Office Supplies,GBC DocuBind P50 Personal Binding Machine
Binders,77.031,West,CA-2017-124800,Standard Class,RW-19540,Rick Wilson,Corporate,United States,Mesa,Arizona,OFF-BI-10003984,Office Supplies,Lock-Up Easel 'Spel-Binder'
Binders,78.60000000000001,West,CA-2016-111451,First Class,KL-16555,Kelly Lampkin,Corporate,United States,Colorado Springs,Colorado,OFF-BI-10004593,Office Supplies,Ibico Laser Imprintable Binding System Covers
Binders,79.87200000000001,West,CA-2019-168655,Standard Class,ML-18040,Michelle Lonsdale,Corporate,United States,Albuquerque,New Mexico,OFF-BI-10002082,Office Supplies,GBC Twin Loop Wire Binding Elements
Binders,81.08800000000001,West,CA-2019-156951,Standard Class,EB-13840,Ellis Ballard,Corporate,United States,Seattle,Washington,OFF-BI-10001107,Office Supplies,"GBC White Gloss Covers, Plain Front"
Binders,81.792,West,CA-2017-129546,Standard Class,RP-19855,Roy Phan,Corporate,United States,Los Angeles,California,OFF-BI-10004001,Office Supplies,GBC Recycled VeloBinder Covers
Binders,82.56,West,CA-2019-123022,Standard Class,SC-20050,Sample Company A,Home Office,United States,La Mesa,California,OFF-BI-10002225,Office Supplies,"Square Ring Data Binders, Rigid 75 Pt. Covers, 11"" x 14-7/8"""
Binders,82.896,West,CA-2016-107181,Standard Class,DB-13270,Deborah Brumfield,Home Office,United States,San Diego,California,OFF-BI-10004230,Office Supplies,GBC Recycled Grain Textured Covers
Binders,83.84,West,CA-2016-111059,Second Class,TB-21400,Tom Boeckenhauer,Consumer,United States,Seattle,Washington,OFF-BI-10004593,Office Supplies,Ibico Laser Imprintable Binding System Covers
Binders,83.92000000000002,West,CA-2016-109918,Second Class,LR-17035,Lisa Ryan,Corporate,United States,Santa Clara,California,OFF-BI-10004308,Office Supplies,Avery Legal 4-Ring Binder
Binders,83.92000000000002,West,CA-2019-156958,First Class,PB-18805,Patrick Bzostek,Home Office,United States,Seattle,Washington,OFF-BI-10001524,Office Supplies,GBC Premium Transparent Covers with Diagonal Lined Pattern
Binders,84.05600000000001,West,CA-2019-118731,Second Class,LP-17080,Liz Pelletier,Consumer,United States,San Francisco,California,OFF-BI-10000069,Office Supplies,"GBC Prepunched Paper, 19-Hole, for Binding Systems, 24-lb"
Binders,86.376,West,CA-2019-138464,Standard Class,VF-21715,Vicky Freymann,Home Office,United States,Seattle,Washington,OFF-BI-10001543,Office Supplies,GBC VeloBinder Manual Binding System
Binders,88.07400000000001,West,US-2019-147655,First Class,AS-10045,Aaron Smayling,Corporate,United States,Redmond,Oregon,OFF-BI-10002931,Office Supplies,"Avery Trapezoid Extra Heavy Duty 4"" Binders"
Binders,88.752,West,CA-2017-115945,Standard Class,AB-10165,Alan Barnes,Consumer,United States,Los Angeles,California,OFF-BI-10004330,Office Supplies,"GBC Velobind Prepunched Cover Sets, Regency Series"
Binders,88.752,West,CA-2019-127285,Standard Class,MM-18055,Michelle Moray,Consumer,United States,Seattle,Washington,OFF-BI-10004330,Office Supplies,"GBC Velobind Prepunched Cover Sets, Regency Series"
Binders,89.69600000000001,West,CA-2017-136420,First Class,CS-12250,Chris Selesnick,Corporate,United States,San Diego,California,OFF-BI-10002854,Office Supplies,"Performers Binder/Pad Holder, Black"
Binders,89.71200000000002,West,CA-2016-157546,First Class,RD-19720,Roger Demir,Consumer,United States,San Francisco,California,OFF-BI-10002498,Office Supplies,Clear Mylar Reinforcing Strips
Binders,90.48000000000002,West,CA-2019-108854,Standard Class,DM-13345,Denise Monton,Corporate,United States,San Francisco,California,OFF-BI-10001670,Office Supplies,Vinyl Sectional Post Binders
Binders,90.48000000000002,West,CA-2019-145219,First Class,RM-19675,Robert Marley,Home Office,United States,Los Angeles,California,OFF-BI-10001670,Office Supplies,Vinyl Sectional Post Binders
Binders,91.392,West,CA-2017-153416,Standard Class,TS-21340,Toby Swindell,Consumer,United States,Los Angeles,California,OFF-BI-10002706,Office Supplies,Avery Premier Heavy-Duty Binder with Round Locking Rings
Binders,91.68,West,CA-2017-123568,Standard Class,SC-20095,Sanjit Chand,Consumer,United States,West Jordan,Utah,OFF-BI-10001510,Office Supplies,Deluxe Heavy-Duty Vinyl Round Ring Binder
Binders,92.88000000000001,West,CA-2019-136651,Second Class,JF-15355,Jay Fein,Consumer,United States,Pasadena,California,OFF-BI-10003638,Office Supplies,GBC Durable Plastic Covers
Binders,92.96000000000001,West,CA-2017-134117,Second Class,PG-18895,Paul Gonzalez,Consumer,United States,Los Angeles,California,OFF-BI-10002026,Office Supplies,Avery Arch Ring Binders
Binders,95.64800000000001,West,CA-2016-153479,Standard Class,DF-13135,David Flashing,Consumer,United States,Vallejo,California,OFF-BI-10002867,Office Supplies,GBC Recycled Regency Composition Covers
Binders,98.352,West,CA-2017-131072,Same Day,KL-16645,Ken Lonsdale,Consumer,United States,Seattle,Washington,OFF-BI-10002794,Office Supplies,"Avery Trapezoid Ring Binder, 3"" Capacity, Black, 1040 sheets"
Binders,98.352,West,CA-2017-142419,Second Class,SC-20380,Shahid Collister,Consumer,United States,Seattle,Washington,OFF-BI-10001597,Office Supplies,"Wilson Jones Ledger-Size, Piano-Hinge Binder, 2"", Blue"
Binders,99.68000000000002,West,CA-2019-126067,Standard Class,KN-16705,Kristina Nunn,Home Office,United States,Seattle,Washington,OFF-BI-10001658,Office Supplies,GBC Standard Therm-A-Bind Covers
Binders,99.696,West,CA-2019-131954,Standard Class,DS-13030,Darrin Sayre,Home Office,United States,Seattle,Washington,OFF-BI-10003982,Office Supplies,Wilson Jones Century Plastic Molded Ring Binders
Binders,100.70400000000001,West,CA-2019-152310,Standard Class,DK-12895,Dana Kaydos,Consumer,United States,Seattle,Washington,OFF-BI-10004308,Office Supplies,Avery Legal 4-Ring Binder
Binders,101.84,West,CA-2019-126536,First Class,NK-18490,Neil Knudson,Home Office,United States,San Francisco,California,OFF-BI-10001191,Office Supplies,Canvas Sectional Post Binders
Binders,102.72,West,US-2019-100398,Standard Class,DO-13435,Denny Ordway,Consumer,United States,Salt Lake City,Utah,OFF-BI-10002133,Office Supplies,"Wilson Jones Elliptical Ring 3 1/2"" Capacity Binders, 800 sheets"
Binders,104.184,West,US-2018-113985,Standard Class,KD-16495,Keith Dawkins,Corporate,United States,San Jose,California,OFF-BI-10000632,Office Supplies,Satellite Sectional Post Binders
Binders,107.64800000000001,West,CA-2019-155712,Standard Class,KD-16615,Ken Dana,Corporate,United States,Los Angeles,California,OFF-BI-10004224,Office Supplies,Catalog Binders with Expanding Posts
Binders,107.64800000000001,West,US-2016-131982,Second Class,NP-18685,Nora Pelletier,Home Office,United States,Des Moines,Washington,OFF-BI-10004224,Office Supplies,Catalog Binders with Expanding Posts
Binders,110.528,West,CA-2017-134082,Standard Class,JK-15640,Jim Kriz,Home Office,United States,San Bernardino,California,OFF-BI-10004230,Office Supplies,GBC Recycled Grain Textured Covers
Binders,112.12000000000002,West,CA-2019-105914,Standard Class,PV-18985,Paul Van Hugh,Home Office,United States,Los Angeles,California,OFF-BI-10002854,Office Supplies,"Performers Binder/Pad Holder, Black"
Binders,117.144,West,US-2019-109253,First Class,PR-18880,Patrick Ryan,Consumer,United States,Oakland,California,OFF-BI-10000962,Office Supplies,"Acco Flexible ACCOHIDE Square Ring Data Binder, Dark Blue, 11 1/2"" X 14"" 7/8"""
Binders,117.48800000000001,West,CA-2017-168207,Standard Class,LT-17110,Liz Thompson,Consumer,United States,San Diego,California,OFF-BI-10001524,Office Supplies,GBC Premium Transparent Covers with Diagonal Lined Pattern
Binders,117.48800000000001,West,CA-2019-107125,Standard Class,BD-11320,Bill Donatelli,Consumer,United States,Los Angeles,California,OFF-BI-10001989,Office Supplies,Premium Transparent Presentation Covers by GBC
Binders,119.61600000000001,West,CA-2018-126158,Standard Class,SC-20095,Sanjit Chand,Consumer,United States,Costa Mesa,California,OFF-BI-10002498,Office Supplies,Clear Mylar Reinforcing Strips
Binders,119.61600000000001,West,CA-2019-139304,Standard Class,VG-21790,Vivek Gonzalez,Consumer,United States,San Francisco,California,OFF-BI-10002498,Office Supplies,Clear Mylar Reinforcing Strips
Binders,121.6,West,CA-2019-110842,Standard Class,GA-14725,Guy Armstrong,Consumer,United States,Los Angeles,California,OFF-BI-10000977,Office Supplies,Ibico Plastic Spiral Binding Combs
Binders,121.67999999999999,West,CA-2019-147942,Standard Class,MS-17365,Maribeth Schnelling,Consumer,United States,San Francisco,California,OFF-BI-10001294,Office Supplies,Fellowes Binding Cases
Binders,122.688,West,CA-2018-165330,Same Day,WB-21850,William Brown,Consumer,United States,Anaheim,California,OFF-BI-10004001,Office Supplies,GBC Recycled VeloBinder Covers
Binders,123.14399999999999,West,CA-2016-123323,Standard Class,LH-16900,Lena Hernandez,Consumer,United States,San Francisco,California,OFF-BI-10003684,Office Supplies,Wilson Jones Legal Size Ring Binders
Binders,133.12,West,US-2019-147998,Standard Class,SA-20830,Sue Ann Reed,Consumer,United States,San Jose,California,OFF-BI-10002082,Office Supplies,GBC Twin Loop Wire Binding Elements
Binders,136.96,West,CA-2016-108861,Standard Class,MM-17260,Magdelene Morse,Consumer,United States,Seattle,Washington,OFF-BI-10003876,Office Supplies,"Green Canvas Binder for 8-1/2"" x 14"" Sheets"
Binders,137.24,West,CA-2016-103940,Standard Class,BN-11515,Bradley Nguyen,Consumer,United States,Seattle,Washington,OFF-BI-10002735,Office Supplies,GBC Prestige Therm-A-Bind Covers
Binders,137.24,West,CA-2017-111514,First Class,SC-20260,Scott Cohen,Corporate,United States,San Francisco,California,OFF-BI-10002735,Office Supplies,GBC Prestige Therm-A-Bind Covers
Binders,140.736,West,CA-2016-121664,Standard Class,HP-14815,Harold Pawlan,Home Office,United States,Los Angeles,California,OFF-BI-10003684,Office Supplies,Wilson Jones Legal Size Ring Binders
Binders,147.92,West,CA-2019-118199,First Class,LB-16795,Laurel Beltran,Home Office,United States,Seattle,Washington,OFF-BI-10004330,Office Supplies,"GBC Velobind Prepunched Cover Sets, Regency Series"
Binders,147.92,West,CA-2019-169327,Second Class,MH-17290,Marc Harrigan,Home Office,United States,Los Angeles,California,OFF-BI-10004330,Office Supplies,"GBC Velobind Prepunched Cover Sets, Regency Series"
Binders,150.8,West,CA-2019-110443,Standard Class,CK-12205,Chloris Kastensmidt,Consumer,United States,Renton,Washington,OFF-BI-10001670,Office Supplies,Vinyl Sectional Post Binders
Binders,153.552,West,CA-2018-128412,Standard Class,AP-10915,Arthur Prichep,Consumer,United States,Seattle,Washington,OFF-BI-10001718,Office Supplies,GBC DocuBind P50 Personal Binding Machine
Binders,153.552,West,CA-2019-121398,Standard Class,FH-14365,Fred Hopkins,Corporate,United States,Los Angeles,California,OFF-BI-10001718,Office Supplies,GBC DocuBind P50 Personal Binding Machine
Binders,155.12,West,CA-2016-156594,Second Class,MC-17845,Michael Chen,Consumer,United States,Los Angeles,California,OFF-BI-10003007,Office Supplies,"Premium Transparent Presentation Covers, No Pattern/Clear, 8 1/2"" x 11"""
Binders,159.768,West,CA-2018-160395,Standard Class,KL-16555,Kelly Lampkin,Corporate,United States,Reno,Nevada,OFF-BI-10003984,Office Supplies,Lock-Up Easel 'Spel-Binder'
Binders,167.76,West,CA-2017-120880,Standard Class,JL-15850,John Lucas,Consumer,United States,Seattle,Washington,OFF-BI-10002931,Office Supplies,"Avery Trapezoid Extra Heavy Duty 4"" Binders"
Binders,171.20000000000002,West,CA-2019-104080,Standard Class,AH-10210,Alan Hwang,Consumer,United States,Anaheim,California,OFF-BI-10003876,Office Supplies,"Green Canvas Binder for 8-1/2"" x 14"" Sheets"
Binders,172.752,West,CA-2019-156958,First Class,PB-18805,Patrick Bzostek,Home Office,United States,Seattle,Washington,OFF-BI-10001543,Office Supplies,GBC VeloBinder Manual Binding System
Binders,180.96000000000004,West,CA-2016-107139,Standard Class,DP-13390,Dennis Pardue,Home Office,United States,Los Angeles,California,OFF-BI-10001670,Office Supplies,Vinyl Sectional Post Binders
Binders,185.92000000000002,West,US-2019-117534,First Class,CV-12295,Christina VanderZanden,Consumer,United States,Fresno,California,OFF-BI-10002026,Office Supplies,Avery Arch Ring Binders
Binders,196.704,West,CA-2016-100090,Standard Class,EB-13705,Ed Braxton,Corporate,United States,San Francisco,California,OFF-BI-10001597,Office Supplies,"Wilson Jones Ledger-Size, Piano-Hinge Binder, 2"", Blue"
Binders,209.60000000000002,West,CA-2018-165330,Same Day,WB-21850,William Brown,Consumer,United States,Anaheim,California,OFF-BI-10004593,Office Supplies,Ibico Laser Imprintable Binding System Covers
Binders,221.056,West,CA-2019-166093,Standard Class,RW-19540,Rick Wilson,Corporate,United States,Brentwood,California,OFF-BI-10004230,Office Supplies,GBC Recycled Grain Textured Covers
Binders,239.12000000000003,West,US-2019-111241,Second Class,GM-14500,Gene McClure,Consumer,United States,Fresno,California,OFF-BI-10002867,Office Supplies,GBC Recycled Regency Composition Covers
Binders,251.52,West,CA-2018-162138,Standard Class,GK-14620,Grace Kelly,Corporate,United States,Hesperia,California,OFF-BI-10004593,Office Supplies,Ibico Laser Imprintable Binding System Covers
Binders,271.98400000000004,West,CA-2018-100244,Standard Class,GM-14695,Greg Maxwell,Corporate,United States,San Francisco,California,OFF-BI-10003656,Office Supplies,Fellowes PB200 Plastic Comb Binding Machine
Binders,273.92,West,CA-2018-149503,First Class,SP-20650,Stephanie Phelps,Corporate,United States,Stockton,California,OFF-BI-10002133,Office Supplies,"Wilson Jones Elliptical Ring 3 1/2"" Capacity Binders, 800 sheets"
Binders,276.78400000000005,West,CA-2018-126102,Second Class,DV-13465,Dianna Vittorini,Consumer,United States,Los Angeles,California,OFF-BI-10004318,Office Supplies,Ibico EB-19 Dual Function Manual Binding System
Binders,276.78400000000005,West,CA-2019-104619,Standard Class,KD-16495,Keith Dawkins,Corporate,United States,San Jose,California,OFF-BI-10004318,Office Supplies,Ibico EB-19 Dual Function Manual Binding System
Binders,295.056,West,CA-2019-165008,Second Class,DO-13645,Doug O'Connell,Consumer,United States,Salt Lake City,Utah,OFF-BI-10002794,Office Supplies,"Avery Trapezoid Ring Binder, 3"" Capacity, Black, 1040 sheets"
Binders,312.552,West,CA-2019-137085,Standard Class,CT-11995,Carol Triggs,Consumer,United States,Los Angeles,California,OFF-BI-10000632,Office Supplies,Satellite Sectional Post Binders
Binders,398.352,West,CA-2017-164882,Same Day,SG-20080,Sandra Glassco,Consumer,United States,Redlands,California,OFF-BI-10004519,Office Supplies,GBC DocuBind P100 Manual Binding Machine
Binders,407.97600000000006,West,CA-2018-161389,Standard Class,IM-15070,Irene Maddox,Consumer,United States,Seattle,Washington,OFF-BI-10003656,Office Supplies,Fellowes PB200 Plastic Comb Binding Machine
Binders,437.4720000000001,West,US-2018-103674,Standard Class,AP-10720,Anne Pryor,Home Office,United States,Los Angeles,California,OFF-BI-10002026,Office Supplies,Ibico Recycled Linen-Style Covers
Binders,487.98400000000004,West,CA-2016-156594,Second Class,MC-17845,Michael Chen,Consumer,United States,Los Angeles,California,OFF-BI-10004632,Office Supplies,Ibico Hi-Tech Manual Binding System
Binders,487.98400000000004,West,CA-2017-109197,Standard Class,JO-15280,Jas O'Carroll,Consumer,United States,Missoula,Montana,OFF-BI-10004632,Office Supplies,Ibico Hi-Tech Manual Binding System
Binders,487.98400000000004,West,CA-2019-141929,Standard Class,RA-19285,Ralph Arnett,Consumer,United States,Los Angeles,California,OFF-BI-10004632,Office Supplies,Ibico Hi-Tech Manual Binding System
Binders,551.9850000000001,West,US-2016-169789,Standard Class,MF-17665,Maureen Fritzler,Corporate,United States,Phoenix,Arizona,OFF-BI-10004600,Office Supplies,Ibico Ibimaster 300 Manual Binding System
Binders,563.024,West,CA-2019-122490,Standard Class,TT-21070,Ted Trevino,Consumer,United States,Seattle,Washington,OFF-BI-10001718,Office Supplies,GBC DocuBind P50 Personal Binding Machine
Binders,590.352,West,US-2019-163790,Second Class,NL-18310,Nancy Lomonaco,Home Office,United States,Danville,California,OFF-BI-10003718,Office Supplies,GBC Therma-A-Bind 250T Electric Binding System
Binders,673.5680000000001,West,CA-2016-128055,Standard Class,AA-10315,Alex Avila,Consumer,United States,San Francisco,California,OFF-BI-10004390,Office Supplies,GBC DocuBind 200 Manual Binding Machine
Binders,841.5680000000001,West,CA-2019-161956,Second Class,DR-12880,Dan Reichenbach,Corporate,United States,Inglewood,California,OFF-BI-10003650,Office Supplies,GBC DocuBind 300 Electric Binding Machine
Binders,895.92,West,CA-2019-138149,First Class,WB-21850,William Brown,Consumer,United States,Los Angeles,California,OFF-BI-10003091,Office Supplies,GBC DocuBind TL200 Manual Binding Machine
Binders,895.92,West,CA-2019-155460,First Class,RW-19630,Rob Williams,Corporate,United States,Seattle,Washington,OFF-BI-10003091,Office Supplies,GBC DocuBind TL200 Manual Binding Machine
Binders,931.1760000000002,West,US-2019-106145,Same Day,RA-19885,Ruben Ausman,Corporate,United States,San Francisco,California,OFF-BI-10003925,Office Supplies,Fellowes PB300 Plastic Comb Binding Machine
Binders,946.7640000000002,West,CA-2016-148383,Standard Class,RP-19390,Resi Pölking,Consumer,United States,Phoenix,Arizona,OFF-BI-10003650,Office Supplies,GBC DocuBind 300 Electric Binding Machine
Binders,1016.792,West,CA-2018-146633,Second Class,TG-21310,Toby Gnade,Consumer,United States,Los Angeles,California,OFF-BI-10003527,Office Supplies,Fellowes PB500 Electric Punch Plastic Comb Binding Machine with Manual Bind
Binders,1219.96,West,CA-2018-163573,First Class,AC-10450,Amy Cox,Consumer,United States,Seattle,Washington,OFF-BI-10004632,Office Supplies,Ibico Hi-Tech Manual Binding System
Binders,1471.96,West,US-2019-142188,Same Day,JF-15415,Jennifer Ferguson,Consumer,United States,Seattle,Washington,OFF-BI-10004600,Office Supplies,Ibico Ibimaster 300 Manual Binding System
Binders,2022.2720000000002,West,CA-2019-111738,Standard Class,CM-12385,Christopher Martinez,Consumer,United States,San Francisco,California,OFF-BI-10004584,Office Supplies,GBC ProClick 150 Presentation Binding System
Binders,2033.584,West,CA-2016-128524,First Class,MZ-17515,Mary Zewe,Corporate,United States,Seattle,Washington,OFF-BI-10003527,Office Supplies,Fellowes PB500 Electric Punch Plastic Comb Binding Machine with Manual Bind
Binders,2060.744,West,CA-2016-169726,Standard Class,JH-15985,Joseph Holt,Consumer,United States,Seattle,Washington,OFF-BI-10004600,Office Supplies,Ibico Ibimaster 300 Manual Binding System
Binders,2357.4880000000003,West,US-2019-163300,Standard Class,ES-14020,Erica Smith,Consumer,United States,Los Angeles,California,OFF-BI-10004390,Office Supplies,GBC DocuBind 200 Manual Binding Machine
Binders,2793.5280000000002,West,CA-2019-119809,Standard Class,YS-21880,Yana Sorensen,Corporate,United States,Seattle,Washington,OFF-BI-10003925,Office Supplies,Fellowes PB300 Plastic Comb Binding Machine
Binders,3266.376,West,CA-2016-144414,Standard Class,GH-14425,Gary Hwang,Consumer,United States,Seattle,Washington,OFF-BI-10004995,Office Supplies,GBC DocuBind P400 Electric Binding System
Binders,4535.976000000001,West,CA-2018-138478,Second Class,DP-13390,Dennis Pardue,Home Office,United States,North Las Vegas,Nevada,OFF-BI-10001120,Office Supplies,Ibico EPK-21 Electric Binding System
Binders,5083.96,West,CA-2019-135909,Standard Class,JW-15220,Jane Waco,Corporate,United States,Sacramento,California,OFF-BI-10003527,Office Supplies,Fellowes PB500 Electric Punch Plastic Comb Binding Machine with Manual Bind
